,Date,Open,High,Low,Close,Adj Close,Volume,Sentiment
0,2017-12-07,62.400002,63.726002,62.209998999999996,62.248001,62.248001,23903000,0.0
1,2017-12-08,62.919998,63.396,62.251999,63.026001,63.026001,17342500,0.32336889999999996
2,2017-12-11,62.925999,65.802002,62.75,65.781998,65.781998,39690000,1.34109919
3,2017-12-12,66.089996,68.288002,66.005997,68.206001,68.206001,43666000,0.0
4,2017-12-13,68.185997,68.844002,67.300003,67.806,67.806,31107500,0.6211589
5,2017-12-14,68.202003,69.487999,67.379997,67.57800300000001,67.57800300000001,28999500,0.8207513099999999
6,2017-12-15,68.407997,68.779999,67.152,68.690002,68.690002,34666000,1.4386081700000002
7,2017-12-18,68.980003,69.346001,67.515999,67.774002,67.774002,27381000,0.3592803600000001
8,2017-12-19,68.052002,68.297997,66.059998,66.220001,66.220001,34125000,0.24265475999999997
9,2017-12-20,66.538002,66.620003,65.008003,65.795998,65.795998,29769000,1.50717286
10,2017-12-21,65.917999,66.748001,65.442001,66.332001,66.332001,21926000,4.2577318
11,2017-12-26,64.765999,64.788002,63.316002000000005,63.458,63.458,21892000,2.5738784200000002
12,2017-12-27,63.200001,63.535999,62.150002,62.327999,62.327999,23560500,0.0
13,2018-01-03,64.199997,65.050003,63.110001000000004,63.450001,63.450001,22607500,0.9647896900000001
14,2018-01-05,63.324001,63.448002,62.400002,63.316002000000005,63.316002000000005,22956000,0.0625
15,2018-01-08,63.200001,67.403999,63.099998,67.281998,67.281998,49297000,0.0
16,2018-01-09,67.031998,67.760002,65.480003,66.737999,66.737999,35733000,0.10125123999999999
17,2018-01-12,67.725998,68.082001,66.734001,67.244003,67.244003,24125500,0.7577702500000001
18,2018-01-18,69.134003,70.459999,68.748001,68.914001,68.914001,28429000,0.5160985600000001
19,2018-01-24,70.916,70.949997,68.704002,69.178001,69.178001,26437500,0.19270001
20,2018-01-29,67.970001,70.16999799999999,67.655998,69.905998,69.905998,23735500,0.91657167
21,2018-01-30,69.028,69.653999,68.433998,69.164001,69.164001,23588500,0.0
22,2018-01-31,69.501999,71.237999,69.038002,70.862,70.862,31070500,1.5083699400000001
23,2018-02-01,70.199997,71.931999,69.725998,69.849998,69.849998,20988500,0.52523575
24,2018-02-02,69.688004,70.389999,68.101997,68.75,68.75,18524000,0.08881315999999999
25,2018-02-05,67.594002,68.893997,66.599998,66.625999,66.625999,22320500,0.199912
26,2018-02-06,65.042,67.244003,64.699997,66.793999,66.793999,25442000,0.48203413999999994
27,2018-02-07,67.797997,69.199997,67.13200400000001,69.0,69.0,34846000,1.0058793499999998
28,2018-02-12,63.226002,63.616001000000004,61.25,63.146,63.146,31139000,1.90173789
29,2018-02-16,66.5,68.624001,66.32800300000001,67.098,67.098,28213000,0.3592803600000001
30,2018-02-20,66.893997,68.167999,66.300003,66.954002,66.954002,20047000,0.27185795999999995
31,2018-02-21,67.206001,67.938004,66.634003,66.660004,66.660004,16098000,1.19830955
32,2018-02-22,67.106003,69.487999,66.949997,69.234001,69.234001,34849000,2.30959223
33,2018-02-27,71.25,71.998001,70.001999,70.197998,70.197998,23987000,1.31575419
34,2018-02-28,70.514,71.047997,68.444,68.612,68.612,30348500,0.0
35,2018-03-05,66.477997,67.550003,65.858002,66.66999799999999,66.66999799999999,19119000,0.22724289
36,2018-03-06,66.75,67.274002,65.405998,65.639999,65.639999,21428500,0.31248100000000006
37,2018-03-07,65.087997,66.5,64.348,66.459999,66.459999,25036500,0.32706960999999996
38,2018-03-08,66.571999,66.660004,65.253998,65.82,65.82,17831000,1.6039732
39,2018-03-09,64.82,65.697998,64.47399899999999,65.433998,65.433998,27534000,2.60104697
40,2018-03-12,65.722,69.442001,65.300003,69.101997,69.101997,41320000,0.4340174400000001
41,2018-03-14,67.351997,67.961998,64.78600300000001,65.32599599999999,65.32599599999999,39837000,0.48594121
42,2018-03-15,65.875999,66.57,64.220001,65.120003,65.120003,32824000,0.3257377
43,2018-03-19,63.299999,64.150002,61.933997999999995,62.712002000000005,62.712002000000005,37421500,0.0
44,2018-03-20,62.973999,63.25,61.751999,62.110001000000004,62.110001000000004,23821500,0.03164841
45,2018-03-21,62.049999,64.487999,62.037997999999995,63.306,63.306,29792000,0.31069476
46,2018-03-22,62.778,63.764,61.636002000000005,61.82,61.82,24699000,1.54239945
47,2018-03-23,62.25,62.25,60.09,60.307999,60.307999,33274500,1.1487999
48,2018-03-26,61.467999,61.518002,58.271999,60.835999,60.835999,41876000,1.2481794599999998
49,2018-03-27,60.799999,60.854,55.436001,55.835999,55.835999,69360000,0.16748344999999998
50,2018-03-28,52.916,53.736,50.419998,51.556,51.556,105007000,1.51340926
51,2018-03-29,51.298,54.192001,49.641998,53.226002,53.226002,75853500,0.17766225
52,2018-04-02,51.251999,52.066002000000005,48.917999,50.495998,50.495998,80570000,1.58689942
53,2018-04-03,53.964001,54.669998,50.897999,53.506001,53.506001,94222000,0.016384
54,2018-04-04,50.556,57.674,50.400002,57.388,57.388,99483500,0.19395216
55,2018-04-05,57.868,61.251999,57.639998999999996,61.144001,61.144001,95605500,0.24516385000000002
56,2018-04-06,60.200001,61.855999,59.099998,59.860001000000004,59.860001000000004,67601500,0.26071236000000003
57,2018-04-09,60.074001,61.900002,57.841999,57.931999,57.931999,51249000,0.26071236000000003
58,2018-04-10,59.793999,61.419998,58.736,60.939999,60.939999,54949000,0.08850625
59,2018-04-11,60.147999,61.796001000000004,59.931999,60.186001,60.186001,37414500,0.0
60,2018-04-12,60.464001,60.790001000000004,58.736,58.816002000000005,58.816002000000005,38044000,0.5503457700000001
61,2018-04-13,60.720001,60.790001000000004,59.195999,60.068001,60.068001,36636000,1.29794875
62,2018-04-16,59.799999,59.931999,57.801998,58.242001,58.242001,31692500,1.2952771099999998
63,2018-04-17,57.773998,58.433997999999995,56.501999,57.537997999999995,57.537997999999995,35000000,0.62523265
64,2018-04-18,58.216,60.048,57.632,58.669998,58.669998,32788500,1.24286661
65,2018-04-19,58.216,60.202,57.709998999999996,60.015999,60.015999,30453000,0.44957025
66,2018-04-23,58.257999,58.324001,56.466,56.674,56.674,24467000,1.3854042500000001
67,2018-04-25,56.700001,57.032001,55.450001,56.138,56.138,20068000,0.39050001
68,2018-04-26,55.75,57.158001,55.299999,57.096001,57.096001,21780000,0.0
69,2018-04-27,57.074001,58.894001,56.765999,58.816002000000005,58.816002000000005,21823000,0.22838841
70,2018-04-30,58.722,59.745998,58.5,58.779999,58.779999,21141000,0.0
71,2018-05-01,58.702,60.164001,58.644001,59.984001,59.984001,23128000,0.08761599999999999
72,2018-05-02,59.714001,61.369999,59.556,60.23,60.23,44852000,0.0
73,2018-05-03,55.757999,57.608002,55.046001000000004,56.889998999999996,56.889998999999996,86760500,0.25959024999999997
74,2018-05-04,56.599998,59.372002,55.903999,58.818001,58.818001,42847000,2.34173815
75,2018-05-07,59.5,61.192001,59.034,60.554001,60.554001,43391000,0.32706960999999996
76,2018-05-08,60.16,61.549999,59.799999,60.394001,60.394001,29650000,0.35547576999999997
77,2018-05-09,60.082001,61.402,60.009997999999996,61.369999,61.369999,28637000,2.35395815
78,2018-05-10,61.5,62.598,60.821999,61.004002,61.004002,28258000,2.15574063
79,2018-05-11,61.540001000000004,61.776001,59.816002000000005,60.212002000000005,60.212002000000005,23398000,3.9152848600000008
80,2018-05-14,60.664001,60.987999,58.324001,58.394001,58.394001,36434000,5.04151898
81,2018-05-15,57.001999,57.391998,56.099998,56.835999,56.835999,47596000,0.0
82,2018-05-16,56.765999,57.762001,56.312,57.296001000000004,57.296001000000004,28370000,0.41438145
83,2018-05-17,57.18,57.838001,56.793999,56.908001,56.908001,22103000,0.26527825
84,2018-05-18,56.93,56.93,54.799999,55.363997999999995,55.363997999999995,36259500,0.49247219999999997
85,2018-05-21,56.265999,58.298,56.259997999999996,56.897999,56.897999,45913000,3.2373570900000006
86,2018-05-22,57.551998,57.599998,54.683997999999995,55.001999,55.001999,44729000,9.4608901
87,2018-05-23,55.551998,55.981998,54.799999,55.813999,55.813999,29925500,6.0018024500000005
88,2018-05-24,55.68,56.222,54.978001,55.57,55.57,20883500,4.851028210000001
89,2018-05-25,55.526001,55.928001,55.122002,55.77,55.77,19375500,3.1644002000000007
90,2018-05-29,55.702,57.299999,55.23,56.751999,56.751999,28333000,9.850980250000001
91,2018-05-30,56.658001,59.001999,56.32,58.344002,58.344002,37448500,2.61520446
92,2018-05-31,57.442001,58.074001,56.585999,56.945999,56.945999,29598500,1.5389518199999999
93,2018-06-01,57.172001,58.389998999999996,56.768002,58.363997999999995,58.363997999999995,27122000,2.83741477
94,2018-06-04,58.868,59.799999,58.709998999999996,59.348,59.348,23989000,0.9242238899999999
95,2018-06-05,59.540001000000004,59.560001,57.348,58.226002,58.226002,29976000,0.95945649
96,2018-06-06,60.099998,64.433998,59.495998,63.900002,63.900002,93836500,0.0
97,2018-06-07,63.23,66.0,62.716,63.217999,63.217999,71726500,0.75347365
98,2018-06-08,63.799999,64.896004,63.43,63.532001,63.532001,41026000,1.7929833300000002
99,2018-06-11,64.501999,66.931999,64.5,66.41999799999999,66.41999799999999,65917500,0.6512490000000001
100,2018-06-12,68.940002,70.994003,67.599998,68.554001,68.554001,111737000,0.33839056999999995
101,2018-06-13,69.342003,69.440002,67.959999,68.956001,68.956001,47349000,0.24913960999999996
102,2018-06-14,69.52600100000001,71.75,69.32,71.543999,71.543999,54905000,0.20802721000000002
103,2018-06-15,70.76799799999999,72.933998,70.25,71.634003,71.634003,54241500,1.9080510999999998
104,2018-06-18,71.08000200000001,74.746002,70.900002,74.166,74.166,60366000,0.49042009000000003
105,2018-06-19,73.031998,74.0,69.25,70.510002,70.510002,63809500,8.10241089
106,2018-06-20,71.608002,72.875999,70.400002,72.444,72.444,41918500,3.56402178
107,2018-06-21,72.400002,73.241997,69.253998,69.501999,69.501999,39835500,0.016384
108,2018-06-22,70.307999,70.449997,66.400002,66.725998,66.725998,51330500,4.15566769
109,2018-06-25,66.024002,67.694,65.5,66.601997,66.601997,34656500,4.754100389999998
110,2018-06-26,67.209999,68.709999,65.160004,68.400002,68.400002,37262500,2.3046983599999997
111,2018-06-27,69.0,70.157997,67.900002,68.900002,68.900002,41668500,4.51288794
112,2018-06-28,69.73200200000001,71.403999,69.222,69.986,69.986,41990000,5.59965806
113,2018-06-29,70.666,70.772003,68.48200200000001,68.589996,68.589996,32462000,2.81880947
114,2018-07-02,72.014,72.956001,65.970001,67.014,67.014,93799000,0.10391379999999999
115,2018-07-03,66.349998,66.498001,61.938,62.172001,62.172001,61413000,0.0
116,2018-07-05,62.751999,62.877998,59.243999,61.832001,61.832001,87382000,7.99615149
117,2018-07-06,60.990002000000004,62.414001,60.400002,61.779999,61.779999,44327500,3.9843759500000004
118,2018-07-09,62.397999,63.703998999999996,61.599998,63.702,63.702,37984000,1.8138924399999998
119,2018-07-10,64.912003,65.53600300000001,63.84,64.494003,64.494003,47357500,2.6868494999999997
120,2018-07-11,63.16,64.388,63.014,63.792,63.792,24420500,5.292676039999999
121,2018-07-12,64.28600300000001,64.646004,62.554001,63.341999,63.341999,28606000,4.81240141
122,2018-07-13,63.116001000000004,63.916,61.849998,63.773998,63.773998,29349000,3.23960801
123,2018-07-17,61.762001,64.947998,61.700001,64.538002,64.538002,34981000,0.36435878
124,2018-07-18,65.0,65.099998,63.25,64.769997,64.769997,28121000,2.30747865
125,2018-07-19,63.265999,64.708,62.801998,64.045998,64.045998,29576500,0.62213489
126,2018-07-20,64.246002,64.648003,62.341999,62.716,62.716,25811000,0.8760960000000001
127,2018-07-23,60.368,61.099998,58.571999,60.639998999999996,60.639998999999996,54964500,2.68840032
128,2018-07-24,60.883998999999996,61.543999,58.509997999999996,59.486,59.486,47954000,0.5961312900000001
129,2018-07-25,59.348,61.924,58.900002,61.748001,61.748001,35377000,0.86865403
130,2018-07-26,60.970001,62.139998999999996,60.728001,61.330002,61.330002,23152500,0.04092529
131,2018-07-27,61.450001,61.537997999999995,59.068001,59.436001,59.436001,28516500,0.19395216
132,2018-07-30,59.18,59.220001,57.226002,58.034,58.034,34070500,1.4313202399999998
133,2018-07-31,58.450001,59.664001,57.813999,59.627998,59.627998,25384500,2.16127557
134,2018-08-01,59.598,60.599998,58.599998,60.167999,60.167999,50647000,4.31325188
135,2018-08-02,65.688004,69.998001,64.63200400000001,69.907997,69.907997,116075000,0.010547289999999999
136,2018-08-03,69.561996,71.0,68.505997,69.634003,69.634003,68282500,0.42068195999999997
137,2018-08-06,69.092003,70.996002,68.363998,68.398003,68.398003,42821500,1.12238982
138,2018-08-07,68.76799799999999,77.491997,67.83000200000001,75.914001,75.914001,154379000,4.95359466
139,2018-08-08,73.818001,76.528,73.42400400000001,74.068001,74.068001,122856000,0.41662305999999993
140,2018-08-09,73.110001,73.402,69.146004,70.489998,70.489998,85919000,0.31069476
141,2018-08-10,70.800003,72.0,69.199997,71.098,71.098,57760000,1.16120842
142,2018-08-13,72.225998,72.638,69.804001,71.281998,71.281998,52319500,0.59098312
143,2018-08-14,71.690002,71.839996,69.41999799999999,69.528,69.528,34932000,0.46940344
144,2018-08-15,68.38200400000001,68.898003,66.428001,67.737999,67.737999,45506500,0.10125123999999999
145,2018-08-16,67.98200200000001,68.456001,66.764,67.089996,67.089996,30320000,1.5047937000000002
146,2018-08-17,64.699997,65.353996,60.706001,61.099998,61.099998,94793000,0.6432040000000001
147,2018-08-21,62.122002,64.958,61.799999,64.379997,64.379997,65861000,0.5369426100000001
148,2018-08-22,64.17400400000001,64.77600100000001,62.933997999999995,64.32800300000001,64.32800300000001,29730000,0.16152360999999998
149,2018-08-23,63.827999,65.46399699999999,63.619999,64.019997,64.019997,25736500,2.76817913
150,2018-08-24,64.139999,64.769997,63.880001,64.564003,64.564003,18013000,1.0689708199999999
151,2018-08-27,63.599998,64.487999,61.762001,63.854,63.854,65396500,0.005959840000000001
152,2018-08-28,63.681999,63.776001,62.237999,62.372002,62.372002,38245500,2.1662463
153,2018-08-29,62.054001,62.369999,60.737999,61.001999,61.001999,37237000,0.0
154,2018-08-30,60.452,60.919998,59.543999,60.630001,60.630001,36083500,0.0
155,2018-08-31,60.400002,61.062,59.720001,60.332001,60.332001,26875500,0.6643775
156,2018-09-05,57.009997999999996,57.355999,55.436001,56.147999,56.147999,38604000,0.009880360000000001
157,2018-09-06,56.959998999999996,58.234001,55.776001,56.189999,56.189999,37404000,0.0
158,2018-09-07,52.02,53.669998,50.450001,52.647999,52.647999,112459500,0.6836979600000002
159,2018-09-10,54.652,57.206001,54.200001,57.099998,57.099998,71417500,0.91769122
160,2018-09-11,55.894001,56.400002,54.709998999999996,55.888,55.888,45850000,1.1135027800000001
161,2018-09-12,56.287997999999995,58.5,55.73,58.108002,58.108002,50077000,0.6229758799999999
162,2018-09-13,57.604,59.0,57.035999,57.891998,57.891998,31701500,0.7985046900000001
163,2018-09-14,57.751999,59.466,57.304001,59.040001000000004,59.040001000000004,33828000,1.5282780099999997
164,2018-09-17,58.007999,60.174,57.625999,58.967999,58.967999,34438000,3.65650244
165,2018-09-18,59.338001,60.528,55.099998,56.992001,56.992001,82737500,4.29774363
166,2018-09-19,56.102001,60.0,56.099998,59.804001,59.804001,41474500,0.38779011
167,2018-09-20,60.712002000000005,61.195999,58.666,59.666,59.666,36747000,5.353637249999999
168,2018-09-21,59.540001000000004,60.116001000000004,59.074001,59.82,59.82,25252500,0.08761599999999999
169,2018-09-24,59.695999,60.599998,58.716,59.936001,59.936001,24215000,0.15390505000000002
170,2018-09-25,60.0,60.919998,59.299999,60.198002,60.198002,22408500,0.17424744999999997
171,2018-09-26,60.382,62.778,60.222,61.916,61.916,39216000,0.75586478
172,2018-09-27,62.580002,62.992001,61.382,61.504002,61.504002,42545500,0.13046544000000002
173,2018-09-28,54.051998,55.599998,52.112,52.953998999999996,52.953998999999996,168248500,1.1262734600000002
174,2018-10-01,61.153999,62.287997999999995,60.209998999999996,62.139998999999996,62.139998999999996,108888000,0.0
175,2018-10-02,62.790001000000004,63.368,59.830002,60.203998999999996,60.203998999999996,58717500,1.66359794
176,2018-10-04,58.790001000000004,58.799999,55.534,56.366001000000004,56.366001000000004,49071000,3.7702741200000003
177,2018-10-05,54.93,54.976002,52.0,52.389998999999996,52.389998999999996,89722500,2.7333572999999998
178,2018-10-08,52.903999,53.551998,49.799999,50.112,50.112,67363500,2.2345284800000003
179,2018-10-09,51.049999,53.354,50.66,52.560001,52.560001,60303000,1.4155740200000002
180,2018-10-10,52.922001,53.102001,49.554001,51.375999,51.375999,64076500,0.5160985600000001
181,2018-10-11,51.506001,52.450001,49.806,50.445999,50.445999,40838500,0.0
182,2018-10-12,52.200001,52.397999,50.402,51.756001,51.756001,36007000,2.74683926
183,2018-10-15,51.812,52.655998,50.908001,51.917999,51.917999,31000000,1.76626902
184,2018-10-16,53.139998999999996,55.476002,52.448002,55.318001,55.318001,47632000,1.8220432999999998
185,2018-10-17,56.48,56.540001000000004,53.16,54.355999,54.355999,43277500,1.58319061
186,2018-10-18,53.858002,54.200001,52.599998,52.782001,52.782001,27106000,0.64593765
187,2018-10-19,53.478001,53.931999,50.700001,52.0,52.0,46877500,2.55297268
188,2018-10-22,52.136002000000005,52.372002,50.518002,52.189999,52.189999,28001500,1.02164895
189,2018-10-23,52.773998,59.585999,52.419998,58.827999,58.827999,95139000,1.07748429
190,2018-10-25,63.444,64.199997,60.202,62.972,62.972,104203500,2.85024767
191,2018-10-26,61.650002,67.980003,61.330002,66.18,66.18,137127500,4.27455791
192,2018-10-29,67.494003,69.431999,65.300003,66.970001,66.970001,72430000,0.23487745000000002
193,2018-10-31,66.508003,68.400002,65.82,67.46399699999999,67.46399699999999,38121500,1.4642523699999999
194,2018-11-01,67.652,69.568001,66.945999,68.856003,68.856003,40000500,2.2360929
195,2018-11-02,68.748001,69.839996,68.181999,69.281998,69.281998,39040000,1.7213657299999998
196,2018-11-05,68.099998,68.792,66.028,68.279999,68.279999,39155000,0.0
197,2018-11-06,67.814003,69.760002,67.218002,68.211998,68.211998,33814500,0.99694775
198,2018-11-07,68.667999,70.236,68.160004,69.63200400000001,69.63200400000001,36872500,0.8895844300000002
199,2018-11-08,69.699997,71.515999,69.688004,70.279999,70.279999,35453500,1.14441853
200,2018-11-09,69.800003,70.800003,69.045998,70.101997,70.101997,25494000,1.43531161
201,2018-11-12,69.67400400000001,69.956001,66.068001,66.255997,66.255997,34707500,0.81949625
202,2018-11-13,66.63200400000001,68.940002,66.440002,67.746002,67.746002,27243000,0.16040025000000002
203,2018-11-14,68.540001,69.42199699999999,67.43,68.800003,68.800003,25201500,2.08410012
204,2018-11-15,68.466003,69.716003,67.807999,69.688004,69.688004,23128500,2.34755951
205,2018-11-16,69.038002,71.139999,69.024002,70.862,70.862,36031000,0.71440596
206,2018-11-19,71.26799799999999,73.349998,70.57599599999999,70.694,70.694,48544500,3.235606890000001
207,2018-11-20,68.349998,69.959999,66.709999,69.498001,69.498001,40023500,0.8488078600000001
208,2018-11-21,70.400002,70.620003,67.480003,67.638,67.638,23434000,0.80612521
209,2018-11-23,66.870003,67.5,65.110001,65.166,65.166,21013000,0.35874761
210,2018-11-26,65.0,69.244003,65.0,69.199997,69.199997,39960500,3.1580967
211,2018-11-27,68.010002,69.391998,67.099998,68.783997,68.783997,31791500,0.22553001
212,2018-11-28,69.197998,69.655998,68.442001,69.57399699999999,69.57399699999999,20638000,0.3029297
213,2018-11-29,69.400002,69.5,67.910004,68.234001,68.234001,15403500,2.72251548
214,2018-11-30,68.365997,70.32,67.652,70.096001,70.096001,28145500,1.17793623
215,2018-12-03,72.0,73.199997,70.400002,71.697998,71.697998,41532500,0.55947689
216,2018-12-04,71.209999,73.736,70.400002,71.940002,71.940002,42309500,0.00066564
217,2018-12-06,71.202003,73.475998,70.152,72.612,72.612,39212500,0.10125123999999999
218,2018-12-07,73.800003,75.898003,71.529999,71.594002,71.594002,57556000,0.01752976
219,2018-12-10,72.0,73.195999,70.624001,73.029999,73.029999,33067500,0.31069476
220,2018-12-11,73.98200200000001,74.433998,72.045998,73.351997,73.351997,31544000,4.402730150000001
221,2018-12-12,73.884003,74.38200400000001,73.031998,73.32,73.32,25135000,1.51218957
222,2018-12-13,74.029999,75.487999,73.349998,75.358002,75.358002,36829500,0.14235529000000002
223,2018-12-14,75.0,75.57399699999999,72.865997,73.141998,73.141998,31688000,1.7767029
224,2018-12-17,72.400002,73.139999,68.77600100000001,69.683998,69.683998,38370000,0.0
225,2018-12-18,70.108002,70.309998,66.737999,67.405998,67.405998,35500000,2.19436796
226,2018-12-19,67.519997,69.402,65.947998,66.594002,66.594002,41371000,7.845129369999998
227,2018-12-20,65.410004,66.057999,62.374001,63.076,63.076,45359500,2.06005536
228,2018-12-21,63.48,64.694,62.487999,63.953998999999996,63.953998999999996,40084000,1.13109991
229,2018-12-24,62.700001,62.900002,59.040001000000004,59.077999,59.077999,27799500,1.07133634
230,2018-12-26,60.0,65.393997,58.818001,65.218002,65.218002,40815500,2.4851913100000007
231,2018-12-27,63.967999,64.433998,60.299999,63.226002,63.226002,42875500,1.83110115
232,2018-12-28,64.620003,67.248001,63.681999,66.774002,66.774002,49695000,0.44557889000000006
233,2018-12-31,67.557999,67.842003,65.052002,66.559998,66.559998,31511500,1.65830381
234,2019-01-02,61.220001,63.026001,59.759997999999996,62.023998,62.023998,58293000,0.7919220100000001
235,2019-01-03,61.400002,61.880001,59.476002,60.071999,60.071999,34826000,2.9831321200000005
236,2019-01-04,61.200001,63.599998,60.546001000000004,63.537997999999995,63.537997999999995,36970500,0.08761599999999999
237,2019-01-07,64.344002,67.348,63.549999,66.991997,66.991997,37756000,0.9260514100000001
238,2019-01-08,68.391998,68.802002,65.403999,67.07,67.07,35042500,1.1216106300000002
239,2019-01-09,67.099998,68.699997,66.293999,67.706001,67.706001,27164500,1.4753397099999999
240,2019-01-10,66.879997,69.07800300000001,66.358002,68.994003,68.994003,30282000,1.5087270099999999
241,2019-01-11,68.417999,69.681999,67.753998,69.452003,69.452003,25195500,0.6950682699999999
242,2019-01-14,68.475998,68.5,66.800003,66.879997,66.879997,26236500,1.1322298
243,2019-01-15,67.0,69.760002,66.900002,68.886002,68.886002,30283000,0.44957025
244,2019-01-16,68.956001,70.400002,68.699997,69.209999,69.209999,23458500,1.06962425
245,2019-01-17,69.241997,70.300003,68.83000200000001,69.461998,69.461998,18383500,1.3822369399999999
246,2019-01-18,64.599998,65.42600300000001,59.945999,60.452,60.452,120754000,0.5275116899999999
247,2019-01-22,60.964001,61.599998,59.099998,59.784,59.784,60333500,1.1088481099999998
248,2019-01-23,58.5,58.900002,56.338001,57.518002,57.518002,62650000,1.5821450899999998
249,2019-01-24,56.605999,58.736,55.855999,58.301998,58.301998,40061000,0.0
250,2019-01-25,58.877998,59.703998999999996,57.91,59.408001,59.408001,36248000,4.480006660000001
251,2019-01-28,58.582001,59.492001,57.549999,59.276001,59.276001,32116500,0.79614162
252,2019-01-29,59.054001,59.712002000000005,58.360001000000004,59.492001,59.492001,23108500,0.49042009000000003
253,2019-01-30,60.09,61.799999,59.698002,61.754002,61.754002,56251500,1.4002517300000001
254,2019-01-31,60.200001,62.312,58.799999,61.403999,61.403999,62846000,2.9455789200000004
255,2019-02-01,61.084,63.220001,60.700001,62.442001,62.442001,36417000,2.2876975200000005
256,2019-02-04,62.596001,63.060001,60.375999,62.577999,62.577999,36760500,1.0905923799999997
257,2019-02-05,62.498001,64.487999,62.450001,64.269997,64.269997,33714000,1.2885551
258,2019-02-06,63.917999,64.848,63.124001,63.444,63.444,25192500,0.45620314
259,2019-02-07,62.66,62.939999,60.599998,61.501999,61.501999,32603000,1.4124935
260,2019-02-08,61.366001000000004,61.490002000000004,59.700001,61.16,61.16,29221000,1.24459459
261,2019-02-11,62.32,63.720001,62.099998,62.568001,62.568001,35648500,4.32062784
262,2019-02-12,63.240002000000004,63.638,61.924,62.362,62.362,27588000,0.07463824
263,2019-02-13,62.470001,62.549999,61.113997999999995,61.633998999999996,61.633998999999996,25708000,1.28319433
264,2019-02-14,60.675999,61.354,60.200001,60.754002,60.754002,26004000,2.78683111
265,2019-02-15,60.900002,61.599998,60.779999,61.576,61.576,19524500,0.9157232499999999
266,2019-02-19,61.312,62.307999,61.094002,61.127998,61.127998,20842000,0.10125123999999999
267,2019-02-20,60.882,61.259997999999996,59.799999,60.512001,60.512001,35710500,0.0
268,2019-02-21,60.362,60.647999,58.099998,58.245998,58.245998,44546000,4.65362191
269,2019-02-22,58.897999,59.299999,58.419998,58.942001,58.942001,28703000,2.63438165
270,2019-02-25,59.582001,60.580002,59.400002,59.754002,59.754002,33132500,0.27881280999999997
271,2019-02-26,58.444,60.402,57.754002,59.571999,59.571999,42912500,4.359539239999999
272,2019-02-27,60.355999,63.259997999999996,60.110001000000004,62.948002,62.948002,55919500,0.91457579
273,2019-02-28,63.784,64.0,62.161999,63.976002,63.976002,52603500,0.9253212399999999
274,2019-03-01,61.388,61.425999,58.380001,58.958,58.958,114557000,2.09249066
275,2019-03-04,59.624001,59.799999,56.556,57.071999,57.071999,85484000,0.50491961
276,2019-03-05,56.400002,56.799999,54.02,55.307999,55.307999,93823500,0.7599220200000001
277,2019-03-06,55.296001000000004,56.301998,54.877998,55.248001,55.248001,51677500,0.26284799999999997
278,2019-03-07,55.768002,56.939999,54.849998,55.318001,55.318001,47212500,4.746722210000001
279,2019-03-08,55.382,57.118,55.178001,56.827999,56.827999,44098000,2.16730068
280,2019-03-11,56.703998999999996,58.256001,56.099998,58.183997999999995,58.183997999999995,36961500,0.81000642
281,2019-03-12,57.298,57.613997999999995,56.212002000000005,56.672001,56.672001,37520500,1.49699047
282,2019-03-13,56.779999,58.397999,56.540001000000004,57.792,57.792,34223500,0.05121169
283,2019-03-14,58.490002000000004,59.077999,57.658001,57.992001,57.992001,35517000,0.22140964000000002
284,2019-03-15,56.702,56.743999,54.880001,55.085999,55.085999,73927500,0.51497834
285,2019-03-18,55.200001,55.610001000000004,53.459998999999996,53.897999,53.897999,51405000,0.59474944
286,2019-03-19,53.5,54.66,52.692001,53.493999,53.493999,59003000,0.04092529
287,2019-03-20,53.938,54.993999,53.259997999999996,54.720001,54.720001,34541000,1.01626883
288,2019-03-21,54.52,55.290001000000004,53.689999,54.804001,54.804001,29735500,2.14074518
289,2019-03-22,54.515999,54.560001,52.799999,52.905998,52.905998,43728000,3.24840468
290,2019-03-25,51.942001,52.636002000000005,50.891998,52.084,52.084,51075000,0.74753316
291,2019-03-26,52.888,54.051998,52.886002000000005,53.554001,53.554001,36754500,3.3555521500000003
292,2019-03-27,53.75,55.074001,53.636002000000005,54.966,54.966,43896000,0.8693304400000001
293,2019-03-28,55.431999,56.066002000000005,55.02,55.723999,55.723999,33870500,0.61646081
294,2019-03-29,55.740002000000004,56.032001,54.900002,55.972,55.972,29956500,3.1765838299999993
295,2019-04-01,56.523998,57.84,56.256001,57.835999,57.835999,40552000,1.42297396
296,2019-04-02,57.66,57.888,56.776001,57.175999,57.175999,27394500,1.4250260899999998
297,2019-04-03,57.464001,59.234001,57.433997999999995,58.362,58.362,39597000,0.8572157599999999
298,2019-04-04,52.377998,54.240002000000004,52.118,53.556,53.556,118603500,3.7352784800000003
299,2019-04-05,53.972,55.220001,53.222,54.992001,54.992001,65191500,3.37781502
300,2019-04-08,55.537997999999995,56.231998,54.088001,54.639998999999996,54.639998999999996,52052000,1.96371451
301,2019-04-09,54.330002,55.0,53.922001,54.462002000000005,54.462002000000005,29520000,3.05404054
302,2019-04-10,55.348,55.675999,54.577999,55.212002000000005,55.212002000000005,35306500,1.47249414
303,2019-04-11,53.66,54.099998,53.119999,53.683997999999995,53.683997999999995,49179500,0.7096396899999999
304,2019-04-12,54.043999,54.389998999999996,53.366001000000004,53.540001000000004,53.540001000000004,33730000,2.2985239299999995
305,2019-04-15,53.726002,53.776001,51.726002,53.276001,53.276001,50193000,2.45704946
306,2019-04-16,53.150002,55.0,52.944,54.672001,54.672001,36364500,1.9310280999999998
307,2019-04-17,54.950001,54.958,53.708,54.245998,54.245998,25632500,0.9324464400000001
308,2019-04-18,54.245998,54.967999,53.950001,54.652,54.652,29381500,0.13046544000000002
309,2019-04-22,53.799999,53.936001,52.495998,52.549999,52.549999,60735500,1.4564270799999999
310,2019-04-23,52.029999,53.119999,51.150002,52.779999,52.779999,54719500,6.53695238
311,2019-04-24,52.77,53.063999,51.599998,51.731998,51.731998,53637500,1.8515697600000005
312,2019-04-25,51.0,51.799999,49.214001,49.526001,49.526001,109247000,0.21049743999999998
313,2019-04-26,49.299999,49.335999,46.226002,47.028,47.028,111803500,1.48221149
314,2019-04-29,47.172001,48.796001000000004,46.433997999999995,48.293999,48.293999,83572500,2.6536901
315,2019-04-30,48.411999,48.841999,47.400002,47.737999,47.737999,47323000,1.78197653
316,2019-05-01,47.77,48.0,46.299999,46.801998,46.801998,53522000,1.1749967300000002
317,2019-05-03,48.771999,51.321999,48.698002,51.006001,51.006001,118534000,0.17589763999999997
318,2019-05-06,50.004002,51.669998,49.700001,51.068001,51.068001,54169500,0.8751924200000001
319,2019-05-07,51.360001000000004,51.442001,49.02,49.411999,49.411999,50657000,1.01625502
320,2019-05-08,49.388,50.119999,48.84,48.967999,48.967999,30882000,1.15072167
321,2019-05-09,48.400002,48.736,47.388,48.396,48.396,33557000,2.5673087800000003
322,2019-05-10,47.950001,48.397999,47.203998999999996,47.903999,47.903999,35041500,2.4030064600000003
323,2019-05-13,46.402,46.493999,44.900002,45.402,45.402,54174000,0.49175125
324,2019-05-14,45.860001000000004,46.900002,45.599998,46.462002000000005,46.462002000000005,36262000,0.11560000000000002
325,2019-05-15,45.863997999999995,46.487999,45.049999,46.389998999999996,46.389998999999996,36480000,0.4067208
326,2019-05-16,45.897999,46.200001,45.299999,45.666,45.666,37416500,3.04608787
327,2019-05-17,44.391998,44.448002,41.784,42.206001,42.206001,88933500,2.14183187
328,2019-05-21,39.551998,41.48,39.208,41.015999,41.015999,90019500,0.74349063
329,2019-05-22,39.82,40.787997999999995,38.355999,38.546001000000004,38.546001000000004,93426000,0.13046544000000002
330,2019-05-23,38.868,39.894001,37.243999,39.098,39.098,132735500,2.85557338
331,2019-05-24,39.966,39.995998,37.75,38.125999,38.125999,70683000,6.451044409999999
332,2019-05-28,38.240002000000004,39.0,37.57,37.740002000000004,37.740002000000004,51564500,0.87045841
333,2019-05-29,37.419998,38.478001,37.007999,37.972,37.972,59843000,0.9249216299999999
334,2019-05-30,37.75,38.452,37.403999,37.644001,37.644001,39632500,2.8663380199999997
335,2019-05-31,37.02,37.984001,36.82,37.032001,37.032001,52033500,2.6987672000000003
336,2019-06-03,37.102001,37.335999,35.397999,35.793999,35.793999,65322000,0.760384
337,2019-06-04,36.220001,38.796001000000004,35.922001,38.720001,38.720001,69037500,0.8022598999999999
338,2019-06-05,39.736,40.256001,38.369999,39.318001,39.318001,67554000,0.08761599999999999
339,2019-06-07,41.0,42.167999,40.700001,40.900002,40.900002,80017500,0.0
340,2019-06-10,42.049999,43.388,41.801998,42.576,42.576,52925000,1.8870406900000003
341,2019-06-11,43.827999,44.18,42.700001,43.419998,43.419998,58267500,0.6646191699999999
342,2019-06-12,44.59,44.675999,41.799999,41.852001,41.852001,75987500,0.6937880299999999
343,2019-06-13,42.076,42.98,41.501999,42.782001,42.782001,40841500,1.4978619400000002
344,2019-06-14,42.25,43.330002,42.080002,42.984001,42.984001,37167000,0.8555816999999999
345,2019-06-17,43.096001,45.400002,42.854,45.006001,45.006001,61584000,0.5930306700000001
346,2019-06-18,45.743999,46.948002,44.512001,44.948002,44.948002,63579000,0.60472081
347,2019-06-19,45.021999,45.554001,44.212002000000005,45.285999,45.285999,32875500,1.83856142
348,2019-06-20,44.599998,45.380001,43.27,43.924,43.924,59317500,0.5108075400000001
349,2019-06-21,43.243999,44.436001,43.099998,44.372002,44.372002,41010500,1.68359711
350,2019-06-24,44.647999,45.172001,44.203998999999996,44.728001,44.728001,28754000,3.7624325
351,2019-06-25,44.877998,45.068001,43.897999,43.952,43.952,30910500,4.21536615
352,2019-06-26,44.062,45.445999,43.619999,43.854,43.854,42536000,3.7563960699999996
353,2019-06-27,43.889998999999996,44.580002,43.470001,44.568001,44.568001,31698500,1.49001963
354,2019-06-28,44.198002,45.034,44.16,44.692001,44.692001,34257000,3.5251821599999995
355,2019-07-01,46.042,46.619999,45.256001,45.433997999999995,45.433997999999995,41067000,0.48335968999999995
356,2019-07-02,45.778,45.830002,44.444,44.91,44.91,46295000,2.47013306
357,2019-07-03,47.877998,48.313999,46.902,46.98,46.98,71005500,1.8642896500000001
358,2019-07-05,46.914001,47.09,46.16,46.619999,46.619999,35328500,0.0
359,2019-07-08,46.248001,46.450001,45.731998,46.068001,46.068001,29402500,4.60208719
360,2019-07-09,45.793999,46.200001,45.456001,46.012001,46.012001,30954000,1.8868191999999997
361,2019-07-10,46.830002,47.787997999999995,46.627998,47.784,47.784,45728500,0.77114825
362,2019-07-11,47.627998,48.299999,47.16,47.720001,47.720001,37572000,2.14853855
363,2019-07-12,47.950001,49.076,47.942001,49.015999,49.015999,46002500,2.6090768
364,2019-07-15,49.599998,50.883998999999996,48.972,50.700001,50.700001,55000500,0.37503376000000005
365,2019-07-16,49.860001000000004,50.706001,49.585999,50.476002,50.476002,40745000,2.16418949
366,2019-07-17,51.133998999999996,51.661999,50.669998,50.972,50.972,48823500,2.2321845000000002
367,2019-07-18,51.009997999999996,51.150002,50.377998,50.708,50.708,23793000,4.344726370000001
368,2019-07-19,51.138,51.992001,50.924,51.636002000000005,51.636002000000005,35242000,0.61109386
369,2019-07-22,51.75,52.43,50.838001,51.136002000000005,51.136002000000005,34212000,2.12319826
370,2019-07-23,51.341999,52.096001,50.900002,52.034,52.034,25115500,0.6009169000000001
371,2019-07-24,51.834,53.214001,51.632,52.976002,52.976002,55364000,0.25068250000000003
372,2019-07-25,46.700001,46.900002,45.110001000000004,45.764,45.764,112091500,0.96614775
373,2019-07-26,45.383998999999996,46.051998,44.450001,45.608002,45.608002,50138500,1.2571497699999998
374,2019-07-30,46.580002,48.672001,46.436001,48.452,48.452,40545000,1.2018861299999999
375,2019-07-31,48.599998,49.335999,47.330002,48.321999,48.321999,45891000,0.30591665
376,2019-08-01,48.529999,48.902,46.354,46.77,46.77,41297500,1.50714591
377,2019-08-02,46.27,47.254002,45.846001,46.868,46.868,30682500,1.8683702300000002
378,2019-08-05,45.919998,46.273998,45.155998,45.664001,45.664001,35141500,0.8109674499999999
379,2019-08-06,46.375999,46.5,45.150002,46.150002,46.150002,27821000,2.76951307
380,2019-08-07,45.299999,46.714001,45.16,46.683997999999995,46.683997999999995,23882500,0.8239865400000002
381,2019-08-08,46.889998999999996,47.959998999999996,46.529999,47.66,47.66,26371500,3.0157855700000002
382,2019-08-09,47.209998999999996,47.792,46.762001,47.001999,47.001999,19491000,3.8554033999999997
383,2019-08-13,45.762001,47.200001,45.509997999999996,47.0,47.0,24240500,0.0
384,2019-08-14,46.242001,46.299999,43.338001,43.924,43.924,47813000,0.25159195
385,2019-08-15,44.172001,44.312,42.310001,43.127998,43.127998,40798000,1.78791134
386,2019-08-16,43.332001,44.448002,43.203998999999996,43.987999,43.987999,25492500,0.43444157000000005
387,2019-08-19,44.841999,45.566002000000005,44.34,45.366001000000004,45.366001000000004,26548000,0.0
388,2019-08-20,45.523998,45.818001,44.908001,45.172001,45.172001,20626000,3.02845776
389,2019-08-21,44.402,44.644001,43.52,44.166,44.166,38971500,0.79284906
390,2019-08-22,44.560001,45.080002,43.644001,44.43,44.43,32795000,0.54037201
391,2019-08-23,43.993999,44.234001,42.200001,42.279999,42.279999,42693000,0.08761599999999999
392,2019-08-26,42.720001,43.004002,42.307999,43.0,43.0,25259500,1.1208441800000002
393,2019-08-27,43.147999,43.759997999999996,42.405998,42.816002000000005,42.816002000000005,27081000,1.0123046799999997
394,2019-08-28,42.737999,43.450001,42.462002000000005,43.118,43.118,16127500,0.04092529
395,2019-08-29,43.799999,44.68,43.599998,44.341999,44.341999,25897500,0.9258719
396,2019-08-30,45.830002,46.487999,44.841999,45.122002,45.122002,46603000,0.8976200900000001
397,2019-09-03,44.816002000000005,45.790001000000004,44.632,45.001999,45.001999,26770500,0.9687494999999999
398,2019-09-04,45.377998,45.692001,43.841999,44.136002000000005,44.136002000000005,28805000,0.5993052099999999
399,2019-09-05,44.5,45.959998999999996,44.169998,45.916,45.916,36976500,0.8581074500000001
400,2019-09-06,45.439999,45.928001,45.034,45.490002000000004,45.490002000000004,20947000,1.10158424
401,2019-09-09,46.0,46.751999,45.846001,46.358002,46.358002,24013500,2.1708655
402,2019-09-10,46.16,47.108002,45.787997999999995,47.108002,47.108002,24418500,2.3569918100000002
403,2019-09-11,47.476002,49.633998999999996,47.200001,49.419998,49.419998,50214000,0.555786
404,2019-09-12,49.540001000000004,50.700001,48.880001,49.174,49.174,42906000,2.6781345900000004
405,2019-09-13,49.391998,49.689999,48.973999,49.040001000000004,49.040001000000004,26565500,0.0
406,2019-09-16,49.200001,49.486,48.234001,48.562,48.562,23640500,3.12362395
407,2019-09-17,48.493999,49.119999,48.074001,48.958,48.958,19327000,2.33269235
408,2019-09-18,49.0,49.633998999999996,48.473999,48.698002,48.698002,20851000,1.08929886
409,2019-09-19,49.200001,49.588001,48.967999,49.32,49.32,23979000,2.1508199200000004
410,2019-09-20,49.298,49.389998999999996,47.632,48.124001,48.124001,31765000,0.30635492
411,2019-09-23,48.0,49.035999,47.844002,48.245998,48.245998,21701000,0.8051697800000001
412,2019-09-24,48.304001,48.397999,44.521999,44.641998,44.641998,64457500,3.77364312
413,2019-09-25,44.911999,45.796001000000004,43.672001,45.740002000000004,45.740002000000004,47135500,0.0
414,2019-09-26,46.132,48.661999,45.48,48.512001,48.512001,59422500,3.14953992
415,2019-09-27,48.439999,49.742001,47.745998,48.425999,48.425999,55582000,2.12990377
416,2019-09-30,48.599998,48.796001000000004,47.222,48.174,48.174,29399000,0.50353216
417,2019-10-01,48.299999,49.189999,47.826,48.938,48.938,30813000,4.388376460000001
418,2019-10-02,48.658001,48.93,47.886002000000005,48.625999,48.625999,28157000,1.2611206899999998
419,2019-10-03,46.372002,46.896,44.855999,46.605999,46.605999,75422500,0.26071236000000003
420,2019-10-04,46.321999,46.956001,45.613997999999995,46.285999,46.285999,39975000,1.46477845
421,2019-10-07,45.959998999999996,47.712002000000005,45.709998999999996,47.543999,47.543999,40321000,1.43313469
422,2019-10-08,47.174,48.787997999999995,46.900002,48.009997999999996,48.009997999999996,43391000,1.32523038
423,2019-10-09,48.264,49.459998999999996,48.130001,48.905998,48.905998,34472000,2.6021829800000003
424,2019-10-10,49.056,49.855999,48.316002000000005,48.948002,48.948002,31416500,0.85779787
425,2019-10-11,49.43,50.216,49.362,49.577999,49.577999,42377000,0.16152360999999998
426,2019-10-14,49.580002,51.709998999999996,49.425999,51.391998,51.391998,51025000,4.95455905
427,2019-10-15,51.540001000000004,52.0,50.824001,51.577999,51.577999,32164000,1.4126161
428,2019-10-16,51.478001,52.419998,51.383998999999996,51.950001,51.950001,33420500,0.82464561
429,2019-10-17,52.5,52.956001,52.034,52.394001,52.394001,23846500,0.31721645000000004
430,2019-10-21,51.666,51.900002,50.035999,50.700001,50.700001,25101500,1.2577365
431,2019-10-22,50.863997999999995,51.666,50.169998,51.116001000000004,51.116001000000004,23004000,0.0
432,2019-10-23,50.900002,51.228001,50.27,50.936001,50.936001,26305500,2.45963183
433,2019-10-24,59.674,60.986,57.84,59.936001,59.936001,148604500,0.7564270599999999
434,2019-10-25,59.543999,66.0,59.222,65.625999,65.625999,150030500,1.66250162
435,2019-10-28,65.508003,68.167999,64.519997,65.542,65.542,94351500,3.51741399
436,2019-10-29,63.998001,64.860001,62.950001,63.243999,63.243999,63421500,0.34832836
437,2019-10-30,62.599998,63.757999,61.993999,63.001999,63.001999,48209000,4.0040869400000005
438,2019-10-31,62.619999,63.799999,62.599998,62.984001,62.984001,25335000,0.34530098
439,2019-11-01,63.264,63.296001000000004,61.959998999999996,62.661999,62.661999,31919500,0.95097897
440,2019-11-04,62.959998999999996,64.388,61.852001,63.493999,63.493999,43935000,1.3344343900000002
441,2019-11-05,63.924,64.702003,63.223999,63.444,63.444,34717000,1.0387240500000001
442,2019-11-06,63.599998,65.344002,62.900002,65.316002,65.316002,39704500,0.72021538
443,2019-11-07,65.82800300000001,68.300003,65.603996,67.108002,67.108002,72336500,1.46017279
444,2019-11-08,66.900002,67.491997,66.5,67.428001,67.428001,30346000,2.6126219500000003
445,2019-11-11,68.790001,69.837997,68.400002,69.01799799999999,69.01799799999999,49933500,0.79489282
446,2019-11-12,69.379997,70.07399699999999,68.807999,69.986,69.986,36797000,0.404496
447,2019-11-13,71.0,71.265999,69.03600300000001,69.222,69.222,42100500,3.0982842
448,2019-11-14,69.222,70.76799799999999,68.582001,69.870003,69.870003,32324500,0.30501566
449,2019-11-15,70.127998,70.559998,69.67199699999999,70.433998,70.433998,24045000,0.20390044999999998
450,2019-11-18,70.584,70.629997,69.220001,69.998001,69.998001,22002000,1.0971781200000001
451,2019-11-19,70.349998,71.998001,69.559998,71.903999,71.903999,38624000,1.0658154200000003
452,2019-11-20,72.0,72.239998,69.914001,70.444,70.444,33625500,0.9822301
453,2019-11-21,70.902,72.167999,70.800003,70.966003,70.966003,30550000,0.91043812
454,2019-11-22,68.031998,68.199997,66.0,66.608002,66.608002,84353000,1.3559180599999998
455,2019-11-25,68.863998,68.914001,66.891998,67.26799799999999,67.26799799999999,61697500,0.61276724
456,2019-11-26,67.054001,67.099998,65.41999799999999,65.783997,65.783997,39737000,1.1270516000000002
457,2019-11-27,66.22399899999999,66.78600300000001,65.71399699999999,66.258003,66.258003,27778000,0.7458310100000001
458,2019-11-29,66.222,66.251999,65.5,65.987999,65.987999,12328000,0.0
459,2019-12-02,65.879997,67.27600100000001,65.737999,66.97399899999999,66.97399899999999,30372500,0.0
460,2019-12-03,66.524002,67.582001,66.438004,67.239998,67.239998,32868500,1.23165371
461,2019-12-04,67.550003,67.571999,66.57,66.606003,66.606003,27665000,0.9799407400000001
462,2019-12-05,66.566002,66.884003,65.449997,66.07399699999999,66.07399699999999,18623000,0.42119505
463,2019-12-09,67.318001,68.889999,67.015999,67.905998,67.905998,45115500,0.46474815999999997
464,2019-12-10,67.991997,70.146004,67.862,69.76799799999999,69.76799799999999,44141500,1.32042552
465,2019-12-11,70.375999,71.438004,70.218002,70.540001,70.540001,34489000,0.34327881
466,2019-12-12,70.984001,72.547997,70.646004,71.935997,71.935997,38819500,0.52480634
467,2019-12-13,72.209999,73.042,70.928001,71.678001,71.678001,32854500,0.5047318599999999
468,2019-12-17,75.797997,77.099998,75.18,75.797997,75.797997,42484000,0.24332039999999996
469,2019-12-18,76.125999,79.043999,76.115997,78.629997,78.629997,70605000,1.5824248699999999
470,2019-12-19,79.46399699999999,81.370003,79.300003,80.807999,80.807999,90535500,0.8408545
471,2019-12-20,82.057999,82.599998,80.038002,81.11799599999999,81.11799599999999,73763500,0.82593678
472,2019-12-23,82.356003,84.402,82.0,83.844002,83.844002,66598000,0.22353984
473,2019-12-24,83.67199699999999,85.094002,82.538002,85.050003,85.050003,40273500,2.96225241
474,2019-12-26,85.582001,86.695999,85.269997,86.188004,86.188004,53169500,3.4863817000000004
475,2019-12-27,87.0,87.061996,85.222,86.07599599999999,86.07599599999999,49728500,0.34096287999999997
476,2019-12-30,85.758003,85.800003,81.851997,82.940002,82.940002,62932000,8.32184012
477,2019-12-31,81.0,84.258003,80.416,83.666,83.666,51428500,0.80400698
478,2020-01-06,88.094002,90.311996,88.0,90.307999,90.307999,50665000,0.0
479,2020-01-07,92.279999,94.32599599999999,90.67199699999999,93.811996,93.811996,89410500,1.6639258399999999
480,2020-01-08,94.739998,99.697998,93.646004,98.428001,98.428001,155721500,0.7157159999999999
481,2020-01-09,99.41999799999999,99.760002,94.57399699999999,96.26799799999999,96.26799799999999,142202000,0.21049743999999998
482,2020-01-10,96.358002,96.987999,94.739998,95.629997,95.629997,64797500,2.7056155300000007
483,2020-01-13,98.699997,105.125999,98.400002,104.972,104.972,132588000,0.7546396900000001
484,2020-01-14,108.851997,109.48200200000001,104.980003,107.584,107.584,144981000,2.04671315
485,2020-01-15,105.952003,107.568001,103.358002,103.699997,103.699997,86844000,0.82172926
486,2020-01-16,98.75,102.891998,98.433998,102.697998,102.697998,108683500,0.76806593
487,2020-01-17,101.522003,103.134003,100.63200400000001,102.099998,102.099998,68145500,2.14974876
488,2020-01-21,106.050003,109.716003,105.681999,109.440002,109.440002,89017500,1.40825611
489,2020-01-22,114.377998,118.900002,111.82,113.912003,113.912003,156845000,1.7395261199999998
490,2020-01-23,112.849998,116.400002,111.120003,114.440002,114.440002,98255000,1.06813492
491,2020-01-24,114.125999,114.772003,110.851997,112.96399699999999,112.96399699999999,71768000,0.0
492,2020-01-27,108.398003,112.888,107.856003,111.603996,111.603996,68040500,1.0773902
493,2020-01-28,113.697998,115.362,111.615997,113.379997,113.379997,58942500,0.8561895700000001
494,2020-01-29,115.138,117.959999,113.486,116.197998,116.197998,89007500,2.5058434099999998
495,2020-01-30,126.484001,130.175995,123.599998,128.162003,128.162003,145028500,0.72434449
496,2020-01-31,128.0,130.600006,126.503998,130.113998,130.113998,78596500,3.00981978
497,2020-02-03,134.738007,157.227997,134.703995,156.0,156.0,235325000,3.0661149400000003
498,2020-02-04,176.591995,193.798004,166.776001,177.412003,177.412003,304694000,1.54723249
499,2020-02-05,164.651993,169.195999,140.82200600000002,146.940002,146.940002,242119000,0.8147785399999998
500,2020-02-06,139.983994,159.166,137.399994,149.792007,149.792007,199404000,2.55443193
501,2020-02-07,146.110001,153.949997,146.0,149.613998,149.613998,85317500,2.87732082
502,2020-02-10,160.0,163.998001,150.479996,154.255997,154.255997,123446000,3.950305250000001
503,2020-02-12,155.574005,157.949997,152.673996,153.457993,153.457993,60112500,0.7917765400000001
504,2020-02-13,148.367996,163.600006,147.0,160.800003,160.800003,131446500,0.21645727999999997
505,2020-02-14,157.444,162.59399399999998,157.100006,160.005997,160.005997,78468500,0.90506954
506,2020-02-18,168.320007,172.0,166.472,171.679993,171.679993,81908500,0.93689669
507,2020-02-19,184.699997,188.955994,180.203995,183.483994,183.483994,127115000,1.0450918599999999
508,2020-02-20,182.389999,182.399994,171.988007,179.882004,179.882004,88174500,1.7469868100000001
509,2020-02-21,181.395996,182.612,176.08999599999999,180.199997,180.199997,71574000,0.43520408999999993
510,2020-02-25,169.800003,171.320007,157.399994,159.98199499999998,159.98199499999998,86452500,1.0300844999999998
511,2020-02-26,156.5,162.662003,155.222,155.759995,155.759995,70427500,1.9908521200000002
512,2020-02-27,146.0,147.953995,133.800003,135.800003,135.800003,121386000,0.05121169
513,2020-02-28,125.940002,138.104004,122.304001,133.598007,133.598007,121114500,0.04092529
514,2020-03-02,142.251999,148.738007,137.334,148.723999,148.723999,100975000,1.03383187
515,2020-03-03,161.0,161.395996,143.222,149.102005,149.102005,128920000,1.6975735800000002
516,2020-03-04,152.792007,153.304001,144.945999,149.899994,149.899994,75245000,2.5973574299999997
517,2020-03-05,144.753998,149.149994,143.613998,144.908005,144.908005,54263500,0.0
518,2020-03-06,138.0,141.399994,136.854004,140.695999,140.695999,63314500,0.585225
519,2020-03-09,121.07800300000001,132.600006,121.0,121.599998,121.599998,85368500,0.08878563999999999
520,2020-03-10,131.886002,133.600006,121.599998,129.065994,129.065994,77972000,3.6013477200000006
521,2020-03-11,128.03999299999998,130.716003,122.599998,126.846001,126.846001,66612500,3.2029216899999997
522,2020-03-12,116.178001,118.900002,109.25,112.110001,112.110001,94545500,0.010547289999999999
523,2020-03-16,93.900002,98.97399899999999,88.433998,89.014,89.014,102447500,0.8715536800000001
524,2020-03-17,88.001999,94.370003,79.199997,86.040001,86.040001,119973000,2.8271088700000004
525,2020-03-18,77.800003,80.972,70.101997,72.244003,72.244003,118931000,2.6096249200000003
526,2020-03-19,74.940002,90.400002,71.692001,85.528,85.528,150977500,2.71234303
527,2020-03-20,87.639999,95.400002,85.157997,85.505997,85.505997,141427500,0.9986211600000001
528,2020-03-23,86.720001,88.400002,82.099998,86.858002,86.858002,82272500,2.65211344
529,2020-03-24,95.459999,102.737999,94.800003,101.0,101.0,114476000,3.5967487400000007
530,2020-03-25,109.050003,111.400002,102.222,107.849998,107.849998,106113500,1.5440629799999999
531,2020-03-26,109.477997,112.0,102.449997,105.63200400000001,105.63200400000001,86903500,2.6504661499999997
532,2020-03-27,101.0,105.160004,98.806,102.872002,102.872002,71887000,2.1944498500000003
533,2020-03-30,102.052002,103.33000200000001,98.246002,100.42600300000001,100.42600300000001,59990500,0.3887665
534,2020-03-31,100.25,108.592003,99.400002,104.800003,104.800003,88857500,1.17475489
535,2020-04-01,100.800003,102.790001,95.019997,96.311996,96.311996,66766000,1.0441200300000002
536,2020-04-02,96.206001,98.851997,89.279999,90.893997,90.893997,99292000,2.87617845
537,2020-04-03,101.900002,103.098,93.678001,96.001999,96.001999,112810500,2.7606567600000003
538,2020-04-06,102.239998,104.199997,99.592003,103.248001,103.248001,74509000,1.96691544
539,2020-04-07,109.0,113.0,106.468002,109.089996,109.089996,89599000,0.85903339
540,2020-04-08,110.839996,111.442001,106.666,109.76799799999999,109.76799799999999,63280000,1.3101042500000002
541,2020-04-09,112.417999,115.03600300000001,111.42199699999999,114.599998,114.599998,68250000,1.8812467200000003
542,2020-04-13,118.031998,130.399994,116.106003,130.190002,130.190002,112377000,1.1843421899999997
543,2020-04-15,148.399994,150.62600700000002,142.0,145.966003,145.966003,117885000,1.2445892100000002
544,2020-04-16,143.388,151.889999,141.34399399999998,149.042007,149.042007,103289500,9.235313439999997
545,2020-04-17,154.455994,154.990005,149.531998,150.778,150.778,65641000,0.51369237
546,2020-04-20,146.53999299999998,153.113998,142.442001,149.272003,149.272003,73733000,0.86440493
547,2020-04-21,146.024002,150.666,134.757996,137.34399399999998,137.34399399999998,101045500,1.4656522600000002
548,2020-04-22,140.796005,146.800003,137.742004,146.421997,146.421997,70827500,5.5150554099999995
549,2020-04-23,145.520004,146.800003,140.62600700000002,141.12600700000002,141.12600700000002,66183500,3.394316349999999
550,2020-04-24,142.162003,146.145996,139.636002,145.029999,145.029999,66060000,1.8204552900000004
551,2020-04-27,147.522003,159.897995,147.0,159.75,159.75,103407000,3.2335208300000002
552,2020-04-28,159.128006,161.0,151.337997,153.824005,153.824005,76110000,0.16120225000000002
553,2020-04-29,158.033997,160.639999,156.632004,160.102005,160.102005,81080000,0.88823646
554,2020-04-30,171.037994,173.96400500000001,152.699997,156.37600700000002,156.37600700000002,142359500,4.334753519999999
555,2020-05-01,151.0,154.554001,136.608002,140.26400800000002,140.26400800000002,162659000,3.7478987700000004
556,2020-05-04,140.199997,152.399994,139.600006,152.238007,152.238007,96185500,2.09921454
557,2020-05-05,157.957993,159.783997,152.436005,153.641998,153.641998,84958500,2.2546234000000003
558,2020-05-06,155.300003,157.96000700000002,152.222,156.516006,156.516006,55616000,5.35928028
559,2020-05-07,155.442001,159.279999,154.470001,156.007996,156.007996,57638500,6.549970459999998
560,2020-05-08,158.753998,164.800003,157.401993,163.884003,163.884003,80432500,3.7412304500000007
561,2020-05-11,158.102005,164.800003,157.0,162.257996,162.257996,82598000,6.0481890499999995
562,2020-05-12,165.399994,168.658005,161.600006,161.882004,161.882004,79534500,3.3953975499999993
563,2020-05-13,164.166,165.199997,152.66000400000001,158.192001,158.192001,95327500,3.185935840000001
564,2020-05-14,156.0,160.671997,152.800003,160.666,160.666,68411000,1.1251845
565,2020-05-15,158.070007,161.009995,157.309998,159.834,159.834,52592000,12.323963609999995
566,2020-05-19,163.033997,164.414001,161.216003,161.602005,161.602005,48182500,1.9189256700000001
567,2020-05-20,164.100006,165.199997,162.360001,163.112,163.112,36546500,0.17766225
568,2020-05-21,163.199997,166.5,159.199997,165.520004,165.520004,61273000,0.20250247999999998
569,2020-05-22,164.434006,166.35600300000002,162.399994,163.37600700000002,163.37600700000002,49937500,1.6205959
570,2020-05-26,166.899994,166.919998,163.141998,163.774002,163.774002,40448500,1.47784375
571,2020-05-27,164.171997,165.542007,157.0,164.046005,164.046005,57747500,1.13180649
572,2020-05-28,162.701996,164.949997,160.337997,161.162003,161.162003,36278000,0.39050001
573,2020-05-29,161.75,167.0,160.841995,167.0,167.0,58822500,0.40496165
574,2020-06-01,171.600006,179.800003,170.820007,179.619995,179.619995,74697500,0.16225424
575,2020-06-02,178.940002,181.73199499999998,174.199997,176.311996,176.311996,67828000,0.016384
576,2020-06-04,177.975998,179.149994,171.688004,172.87600700000002,172.87600700000002,44438500,1.5947376699999998
577,2020-06-05,175.567993,177.304001,173.240005,177.132004,177.132004,39059500,0.16152360999999998
578,2020-06-08,183.800003,190.0,181.832001,189.983994,189.983994,70873500,1.7683635299999998
579,2020-06-09,188.001999,190.888,184.78599499999999,188.134003,188.134003,56941000,0.16441688
580,2020-06-10,198.37600700000002,205.496002,196.5,205.009995,205.009995,92817000,6.75589933
581,2020-06-11,198.03999299999998,203.792007,194.399994,194.567993,194.567993,79582500,2.37131007
582,2020-06-15,183.557999,199.76800500000002,181.699997,198.179993,198.179993,78486000,1.96497779
583,2020-06-16,202.369995,202.576004,192.477997,196.425995,196.425995,70255500,2.1122150000000004
584,2020-06-17,197.542007,201.0,196.51400800000002,198.358002,198.358002,49454000,1.12262881
585,2020-06-18,200.600006,203.83999599999999,198.89399699999998,200.792007,200.792007,48759500,0.09102223999999999
586,2020-06-19,202.556,203.194,198.26800500000002,200.179993,200.179993,43398500,0.6072749899999998
587,2020-06-22,199.990005,201.776001,198.003998,198.863998,198.863998,31812000,0.32304721999999997
588,2020-06-23,199.776001,202.399994,198.80200200000002,200.35600300000002,200.35600300000002,31826500,0.46005049000000003
589,2020-06-24,198.82200600000002,200.175995,190.628006,192.169998,192.169998,54798000,0.7672884200000001
590,2020-06-25,190.854004,197.195999,187.429993,197.195999,197.195999,46272500,1.3452698
591,2020-06-26,198.955994,199.0,190.973999,191.94799799999998,191.94799799999998,44274500,2.8225008900000006
592,2020-06-29,193.80200200000002,202.0,189.703995,201.869995,201.869995,45132000,1.42729141
593,2020-06-30,201.300003,217.537994,200.746002,215.962006,215.962006,84592500,2.4668365000000003
594,2020-07-01,216.600006,227.065994,216.100006,223.92599500000003,223.92599500000003,66634500,4.13036354
595,2020-07-02,244.29600499999998,245.600006,237.11999500000002,241.731995,241.731995,86250500,7.32142735
596,2020-07-06,255.33799700000003,275.558014,253.20799300000002,274.31601,274.31601,102849500,1.5047884599999999
597,2020-07-07,281.00201400000003,285.899994,267.34201,277.971985,277.971985,107448500,0.8277181299999999
598,2020-07-08,281.0,283.451996,262.26800499999996,273.175995,273.175995,81556500,0.12938409
599,2020-07-09,279.39801,281.71200600000003,270.256012,278.85598799999997,278.85598799999997,58588000,1.88370936
600,2020-07-10,279.200012,309.783997,275.201996,308.929993,308.929993,116688000,4.48981742
601,2020-07-13,331.799988,358.99798599999997,294.221985,299.411987,299.411987,194927000,3.9662411
602,2020-07-14,311.200012,318.0,286.200012,303.359985,303.359985,117090500,1.69130307
603,2020-07-15,308.600006,310.0,291.399994,309.201996,309.201996,81839000,2.72206037
604,2020-07-17,302.690002,307.50201400000003,298.0,300.167999,300.167999,46650000,0.0
605,2020-07-20,303.802002,330.0,297.600006,328.600006,328.600006,85607000,0.63107173
606,2020-07-21,327.985992,335.0,311.600006,313.67199700000003,313.67199700000003,80536000,0.7783546299999999
607,2020-07-22,319.799988,325.283997,312.399994,318.466003,318.466003,70805500,1.5882447000000002
608,2020-07-23,335.790009,337.799988,296.153992,302.614014,302.614014,121642500,1.52695689
609,2020-07-24,283.201996,293.0,273.308014,283.399994,283.399994,96983000,4.7068676599999995
610,2020-07-27,287.0,309.588013,282.600006,307.920013,307.920013,80243500,5.323202670000001
611,2020-07-28,300.799988,312.940002,294.884003,295.298004,295.298004,79043500,1.23958191
612,2020-07-29,300.200012,306.96200600000003,297.399994,299.821991,299.821991,47134500,0.62147445
613,2020-07-30,297.600006,302.64801,294.200012,297.49798599999997,297.49798599999997,38105000,5.25404193
614,2020-07-31,303.0,303.410004,284.196014,286.152008,286.152008,61041000,1.1423111400000001
615,2020-08-03,289.839996,301.96200600000003,288.87600699999996,297.0,297.0,44046500,0.5593738300000001
616,2020-08-04,299.00201400000003,305.48199500000004,292.399994,297.399994,297.399994,42075000,0.3553245
617,2020-08-05,298.597992,299.967987,293.661987,297.003998,297.003998,24739000,1.3959346099999999
618,2020-08-06,298.16598500000003,303.46200600000003,295.451996,297.91598500000003,297.91598500000003,29961500,0.0
619,2020-08-07,299.90799,299.950012,283.00201400000003,290.541992,290.541992,44482000,2.26166258
620,2020-08-11,279.200012,284.0,273.0,274.877991,274.877991,43129000,1.12046073
621,2020-08-12,294.0,317.0,287.0,310.951996,310.951996,109147000,0.00066564
622,2020-08-13,322.200012,330.235992,313.451996,324.200012,324.200012,102126500,0.9096259999999999
623,2020-08-14,332.99798599999997,333.76001,325.32800299999997,330.141998,330.141998,62888000,6.363498710000001
624,2020-08-17,335.399994,369.17199700000003,334.56601,367.127991,367.127991,101211500,2.09751887
625,2020-08-18,379.798004,384.77999900000003,369.022003,377.417999,377.417999,82372500,1.6098340799999995
626,2020-08-19,373.0,382.200012,368.242004,375.705994,375.705994,61026500,4.0011798899999995
627,2020-08-20,372.135986,404.39801,371.411987,400.365997,400.365997,103059000,1.5781267
628,2020-08-21,408.951996,419.097992,405.01001,409.996002,409.996002,107448000,0.47699864999999997
629,2020-08-24,425.256012,425.799988,385.503998,402.839996,402.839996,100318000,1.01031877
630,2020-08-25,394.977997,405.589996,393.600006,404.667999,404.667999,53294500,0.84658464
631,2020-08-26,412.0,433.200012,410.72601299999997,430.634003,430.634003,71197000,1.48978828
632,2020-08-27,436.09200999999996,459.119995,428.5,447.75,447.75,118465000,0.86562827
633,2020-08-28,459.02398700000003,463.69799800000004,437.303986,442.67999299999997,442.67999299999997,100406000,2.85990712
634,2020-08-31,444.60998499999994,500.14001500000006,440.10998499999994,498.32000700000003,498.32000700000003,118374400,0.27648323999999996
635,2020-09-01,502.14001500000006,502.48999000000003,470.51000999999997,475.049988,475.049988,89841100,0.34271545
636,2020-09-03,407.230011,431.799988,402.0,407.0,407.0,87596100,1.4279578099999999
637,2020-09-04,402.809998,428.0,372.019989,418.320007,418.320007,110321900,0.56906826
638,2020-09-08,356.0,368.73999,329.880005,330.209991,330.209991,115465700,0.0
639,2020-09-09,356.600006,369.0,341.51001,366.27999900000003,366.27999900000003,79465800,1.0804593999999998
640,2020-09-10,386.209991,398.98999,360.559998,371.339996,371.339996,84930600,2.12624434
641,2020-09-11,381.940002,382.5,360.5,372.72000099999997,372.72000099999997,60717500,1.2575257400000002
642,2020-09-14,380.950012,420.0,373.299988,419.619995,419.619995,83020600,1.0873942
643,2020-09-15,436.55999800000006,461.94000199999994,430.700012,449.76000999999997,449.76000999999997,97298200,2.22040655
644,2020-09-16,439.869995,457.790009,435.30999800000006,441.76000999999997,441.76000999999997,72279300,1.13823219
645,2020-09-17,415.600006,437.790009,408.0,423.42999299999997,423.42999299999997,76779200,0.87427492
646,2020-09-18,447.94000199999994,451.0,428.799988,442.14999400000005,442.14999400000005,86406800,0.8876963800000001
647,2020-09-21,453.130005,455.67999299999997,407.070007,449.39001500000006,449.39001500000006,109476800,3.8101717099999997
648,2020-09-22,429.60000599999995,437.76000999999997,417.600006,424.23001100000005,424.23001100000005,79580800,1.10251266
649,2020-09-23,405.160004,412.149994,375.880005,380.359985,380.359985,95074200,1.7900048800000001
650,2020-09-24,363.799988,399.5,351.299988,387.790009,387.790009,96561100,0.9603828100000001
651,2020-09-25,393.47000099999997,408.730011,391.299988,407.339996,407.339996,67208500,1.15522871
652,2020-09-28,424.619995,428.079987,415.549988,421.200012,421.200012,49719600,2.1992211299999997
653,2020-09-29,416.0,428.5,411.600006,419.070007,419.070007,50219300,0.03164841
654,2020-09-30,421.32000700000003,433.92999299999997,420.47000099999997,429.01000999999997,429.01000999999997,48145600,0.6890352999999998
655,2020-10-01,440.76000999999997,448.880005,434.420013,448.160004,448.160004,50741500,1.43261762
656,2020-10-02,421.39001500000006,439.130005,415.0,415.089996,415.089996,71430000,5.624181339999999
657,2020-10-05,423.35000599999995,433.64001500000006,419.329987,425.67999299999997,425.67999299999997,44722800,1.42289694
658,2020-10-06,423.790009,428.77999900000003,406.049988,413.980011,413.980011,49146300,4.028361449999999
659,2020-10-07,419.869995,429.89999400000005,413.850006,425.299988,425.299988,43127700,6.454406119999999
660,2020-10-08,438.44000199999994,439.0,425.299988,425.920013,425.920013,40421100,3.09178421
661,2020-10-09,430.130005,434.589996,426.459991,434.0,434.0,28925700,1.48793667
662,2020-10-12,442.0,448.73999000000003,438.579987,442.299988,442.299988,38791100,5.29341439
663,2020-10-13,443.35000599999995,448.89001500000006,436.60000599999995,446.64999400000005,446.64999400000005,34463700,1.9435178
664,2020-10-14,449.77999900000003,465.89999400000005,447.35000599999995,461.299988,461.299988,47879700,3.10263293
665,2020-10-15,450.30999800000006,456.57000700000003,442.5,448.880005,448.880005,35672400,0.0
666,2020-10-16,454.44000199999994,455.950012,438.85000599999995,439.670013,439.670013,32775900,1.72386064
667,2020-10-19,446.23999000000003,447.0,428.869995,430.829987,430.829987,36287800,0.05121169
668,2020-10-20,431.75,431.75,419.049988,421.94000199999994,421.94000199999994,31656300,0.04491120999999999
669,2020-10-21,422.700012,432.950012,421.25,422.64001500000006,422.64001500000006,32370500,0.6626830100000001
670,2020-10-22,441.920013,445.23001100000005,424.51000999999997,425.790009,425.790009,39993200,1.3252192100000002
671,2020-10-23,421.839996,422.89001500000006,407.380005,420.630005,420.630005,33717000,1.29386325
672,2020-10-26,411.630005,425.76000999999997,410.0,420.27999900000003,420.27999900000003,28239200,0.31069476
673,2020-10-27,423.76000999999997,430.5,420.10000599999995,424.67999299999997,424.67999299999997,22686500,0.8665292500000001
674,2020-10-28,416.480011,418.600006,406.0,406.019989,406.019989,25451400,2.91479132
675,2020-10-29,409.959991,418.059998,406.459991,410.829987,410.829987,22655300,0.47840533
676,2020-10-30,406.899994,407.589996,379.109985,388.040009,388.040009,42511300,0.51920297
677,2020-11-02,394.0,406.980011,392.299988,400.51001,400.51001,29021100,1.1352941300000001
678,2020-11-03,409.730011,427.76998899999995,406.690002,423.89999400000005,423.89999400000005,34351700,3.80658985
679,2020-11-04,430.619995,435.39999400000005,417.100006,420.98001100000005,420.98001100000005,32143100,0.050355359999999995
680,2020-11-05,428.299988,440.0,424.0,438.089996,438.089996,28414500,0.6581376999999999
681,2020-11-06,436.10000599999995,436.57000700000003,424.27999900000003,429.950012,429.950012,21706000,1.5113749699999999
682,2020-11-09,439.5,452.5,421.0,421.26000999999997,421.26000999999997,34833000,1.7976823500000003
683,2020-11-10,420.089996,420.089996,396.02999900000003,410.359985,410.359985,30284200,2.2548017700000003
684,2020-11-11,416.450012,418.700012,410.579987,417.130005,417.130005,17357700,0.16152360999999998
685,2020-11-12,415.049988,423.0,409.519989,411.76001,411.76001,19855100,1.3473242
686,2020-11-13,410.850006,412.52999900000003,401.660004,408.5,408.5,19771100,5.204737229999999
687,2020-11-16,408.929993,412.450012,404.089996,408.089996,408.089996,26838600,0.9824103399999999
688,2020-11-17,460.170013,462.0,433.01000999999997,441.60998499999994,441.60998499999994,61188300,4.652313309999999
689,2020-11-18,448.35000599999995,496.0,443.5,486.64001500000006,486.64001500000006,78044000,2.07338526
690,2020-11-19,492.0,508.60998499999994,487.57000700000003,499.26998899999995,499.26998899999995,62475300,2.31812364
691,2020-11-20,497.98999000000003,502.5,489.05999800000006,489.60998499999994,489.60998499999994,32911900,2.16424055
692,2020-11-23,503.5,526.0,501.790009,521.849976,521.849976,50260300,0.63606802
693,2020-11-24,540.400024,559.98999,526.200012,555.380005,555.380005,53648500,1.42845325
694,2020-11-25,550.0599980000001,574.0,545.369995,574.0,574.0,48930200,1.14795953
695,2020-11-30,602.210022,607.799988,554.51001,567.599976,567.599976,63003100,1.0960557800000001
696,2020-12-01,597.590027,597.849976,572.049988,584.76001,584.76001,40103500,0.46348863999999995
697,2020-12-02,556.4400019999999,571.539978,541.210022,568.820007,568.820007,47775700,1.1229685200000001
698,2020-12-03,590.02002,598.969971,582.429993,593.380005,593.380005,42552000,0.55078989
699,2020-12-04,591.01001,599.039978,585.5,599.039978,599.039978,29401300,0.0
700,2020-12-07,604.919983,648.789978,603.049988,641.76001,641.76001,56309700,1.91515219
701,2020-12-08,625.51001,651.280029,618.5,649.880005,649.880005,64265000,0.51078386
702,2020-12-09,653.6900019999999,654.320007,588.0,604.47998,604.47998,71291200,1.18839082
703,2020-12-10,574.369995,627.75,566.340027,627.070007,627.070007,67083200,1.65577373
704,2020-12-11,615.01001,624.0,596.799988,609.98999,609.98999,46475000,0.23616184999999998
705,2020-12-14,619.0,642.75,610.200012,639.830017,639.830017,52040600,0.8930616999999998
706,2020-12-15,643.280029,646.900024,623.799988,633.25,633.25,45071500,1.2289751199999999
707,2020-12-16,628.22998,632.5,605.0,622.77002,622.77002,42095800,2.25967643
708,2020-12-17,628.1900019999999,658.820007,619.5,655.900024,655.900024,56270100,1.6977967099999998
709,2020-12-21,666.23999,668.5,646.070007,649.8599849999999,649.8599849999999,58045300,0.87357638
710,2020-12-22,648.0,649.880005,614.22998,640.340027,640.340027,51716000,0.4906337600000001
711,2020-12-23,632.200012,651.5,622.570007,645.97998,645.97998,33173000,0.42119505
712,2020-12-24,642.98999,666.090027,641.0,661.77002,661.77002,22865600,1.03786122
713,2020-12-28,674.51001,681.400024,660.799988,663.6900019999999,663.6900019999999,32278600,0.016384
714,2020-12-29,661.0,669.900024,655.0,665.98999,665.98999,22910800,1.88142625
715,2020-12-30,672.0,696.599976,668.3599849999999,694.780029,694.780029,42846000,2.39411924
716,2020-12-31,699.98999,718.719971,691.119995,705.669983,705.669983,49649900,1.2829703600000002
717,2021-01-04,719.460022,744.48999,717.1900019999999,729.77002,729.77002,48638200,0.023439610000000003
718,2021-01-05,723.659973,740.840027,719.200012,735.1099849999999,735.1099849999999,32245200,0.13623480999999998
719,2021-01-07,777.630005,816.98999,775.200012,816.039978,816.039978,51498900,1.2159760700000002
720,2021-01-08,856.0,884.48999,838.3900150000001,880.0200199999999,880.0200199999999,75055500,0.62504836
721,2021-01-11,849.400024,854.429993,803.619995,811.1900019999999,811.1900019999999,59301600,1.0196562599999999
722,2021-01-12,831.0,868.0,827.340027,849.4400019999999,849.4400019999999,46270700,0.58086236
723,2021-01-13,852.76001,860.4699710000001,832.0,854.409973,854.409973,33312500,3.33674961
724,2021-01-14,843.3900150000001,863.0,838.75,845.0,845.0,31266300,0.04092529
725,2021-01-15,852.0,859.900024,819.099976,826.159973,826.159973,38777600,2.8669564099999993
726,2021-01-20,858.73999,859.5,837.280029,850.4500119999999,850.4500119999999,25665900,0.0
727,2021-01-21,855.0,855.7199710000001,841.419983,844.98999,844.98999,20521100,1.5466599300000001
728,2021-01-22,834.3099980000001,848.0,828.619995,846.6400150000001,846.6400150000001,20066500,1.12745819
729,2021-01-25,855.0,900.400024,838.820007,880.7999880000001,880.7999880000001,41173400,1.8073051
730,2021-01-26,891.3800050000001,895.900024,871.599976,883.090027,883.090027,23131600,1.8664610699999997
731,2021-01-28,820.0,848.0,801.0,835.429993,835.429993,26378000,4.02375904
732,2021-01-29,830.0,842.409973,780.099976,793.530029,793.530029,34990800,1.39268839
733,2021-02-01,814.289978,842.0,795.5599980000001,839.8099980000001,839.8099980000001,25391400,1.00645289
734,2021-02-02,844.679993,880.5,842.2000119999999,872.7899779999999,872.7899779999999,24346200,0.0
735,2021-02-04,855.0,856.5,833.419983,849.98999,849.98999,15812700,3.0491951500000005
736,2021-02-05,845.0,864.7700199999999,838.9699710000001,852.2299800000001,852.2299800000001,18566600,1.03618517
737,2021-02-08,869.669983,877.7700199999999,854.75,863.419983,863.419983,20161700,0.64553778
738,2021-02-09,855.1199949999999,859.7999880000001,841.75,849.4600220000001,849.4600220000001,15157700,1.3344995899999998
739,2021-02-10,843.6400150000001,844.820007,800.02002,804.820007,804.820007,36216100,1.4050740700000002
740,2021-02-11,812.4400019999999,829.880005,801.72998,811.659973,811.659973,21622800,2.80937738
741,2021-02-12,801.26001,817.330017,785.330017,816.119995,816.119995,23768300,0.32569849
742,2021-02-16,818.0,821.0,792.4400019999999,796.219971,796.219971,19802300,1.48249301
743,2021-02-17,779.090027,799.840027,762.01001,798.150024,798.150024,25996500,0.0
744,2021-02-18,780.900024,794.6900019999999,776.27002,787.380005,787.380005,17957100,0.9271486099999999
745,2021-02-19,795.0,796.789978,777.369995,781.299988,781.299988,18958300,0.92896753
746,2021-02-22,762.6400150000001,768.5,710.200012,714.5,714.5,37269700,1.4457325699999999
747,2021-02-23,662.130005,713.6099849999999,619.0,698.840027,698.840027,66606900,1.0707928999999998
748,2021-02-24,711.849976,745.0,694.169983,742.02002,742.02002,36767000,1.40445913
749,2021-02-25,726.150024,737.210022,670.580017,682.219971,682.219971,39023900,1.9422065600000002
750,2021-02-26,700.0,706.700012,659.51001,675.5,675.5,41089200,0.0
751,2021-03-01,690.1099849999999,719.0,685.049988,718.429993,718.429993,27136200,1.4097511600000001
752,2021-03-02,718.280029,721.1099849999999,685.0,686.4400019999999,686.4400019999999,23732200,0.4495796
753,2021-03-03,687.98999,700.700012,651.710022,653.200012,653.200012,30208000,1.8628211600000002
754,2021-03-04,655.799988,668.450012,600.0,621.4400019999999,621.4400019999999,65919500,1.2776168300000001
755,2021-03-05,626.0599980000001,627.840027,539.48999,597.950012,597.950012,89396500,0.11451455999999999
756,2021-03-08,600.549988,620.130005,558.789978,563.0,563.0,51787000,1.7651844899999998
757,2021-03-09,608.179993,678.090027,595.210022,673.580017,673.580017,67523300,0.5284912100000001
758,2021-03-10,700.299988,717.849976,655.0599980000001,668.0599980000001,668.0599980000001,60605700,0.66704634
759,2021-03-11,699.400024,702.5,677.179993,699.599976,699.599976,36253900,1.74247442
760,2021-03-12,670.0,694.880005,666.1400150000001,693.72998,693.72998,33583800,0.21822466000000001
761,2021-03-15,694.090027,713.179993,684.039978,707.9400019999999,707.9400019999999,29335600,0.16152360999999998
762,2021-03-16,703.349976,707.919983,671.0,676.880005,676.880005,32195700,0.0
763,2021-03-17,656.869995,703.72998,651.01001,701.8099980000001,701.8099980000001,40372500,0.08850625
764,2021-03-18,684.289978,689.22998,652.0,653.159973,653.159973,33224800,1.08082122
765,2021-03-19,646.599976,657.22998,624.619995,654.869995,654.869995,42894000,0.30678145
766,2021-03-22,684.590027,699.619995,668.75,670.0,670.0,39512200,0.11437924000000001
767,2021-03-23,675.77002,677.799988,657.51001,662.159973,662.159973,30491900,0.9442313999999999
768,2021-03-24,667.909973,668.02002,630.1099849999999,630.27002,630.27002,33795200,1.00085474
769,2021-03-25,613.0,645.5,609.5,640.3900150000001,640.3900150000001,39224900,1.77865022
770,2021-03-26,641.869995,643.820007,599.8900150000001,618.710022,618.710022,33852800,0.7294893
771,2021-03-29,615.6400150000001,616.47998,596.02002,611.289978,611.289978,28637000,0.58445217
772,2021-03-30,601.75,637.659973,591.01001,635.619995,635.619995,39432400,1.33237155
773,2021-03-31,646.619995,672.0,641.1099849999999,667.929993,667.929993,33337300,0.0
774,2021-04-01,688.369995,692.419983,659.419983,661.75,661.75,35298400,0.76196961
775,2021-04-05,707.710022,708.159973,684.700012,691.049988,691.049988,41842800,0.9434244299999999
776,2021-04-06,690.299988,696.549988,681.369995,691.619995,691.619995,28271800,0.44542276
777,2021-04-07,687.0,691.380005,667.840027,670.969971,670.969971,26309400,0.86383353
778,2021-04-08,677.380005,689.549988,671.650024,683.799988,683.799988,23924300,0.8862886799999999
779,2021-04-09,677.77002,680.969971,669.429993,677.02002,677.02002,21437100,2.8515360300000006
780,2021-04-13,712.700012,763.0,710.659973,762.320007,762.320007,44652800,0.41319184000000003
781,2021-04-14,770.700012,780.789978,728.030029,732.22998,732.22998,49017400,2.5116058
782,2021-04-15,743.099976,743.6900019999999,721.3099980000001,738.849976,738.849976,27848900,1.04863609
783,2021-04-16,728.650024,749.409973,724.599976,739.780029,739.780029,27979500,0.4821065
784,2021-04-19,719.599976,725.400024,691.799988,714.630005,714.630005,39686200,0.98302905
785,2021-04-20,717.419983,737.25,710.6900019999999,718.98999,718.98999,35609000,1.8486131000000001
786,2021-04-21,704.77002,744.840027,698.0,744.119995,744.119995,31215500,0.0
787,2021-04-22,741.5,753.77002,718.039978,719.6900019999999,719.6900019999999,35590300,4.37772435
788,2021-04-23,719.799988,737.3599849999999,715.460022,729.400024,729.400024,28370000,0.04092529
789,2021-04-26,741.0,749.299988,732.6099849999999,738.200012,738.200012,31038500,2.21338507
790,2021-04-27,717.960022,724.0,703.349976,704.73999,704.73999,29437000,1.1707058099999998
791,2021-04-28,696.409973,708.5,693.599976,694.400024,694.400024,22271000,1.7412521699999999
792,2021-04-29,699.51001,702.25,668.5,677.0,677.0,28845400,2.10219104
793,2021-05-03,703.799988,706.0,680.5,684.900024,684.900024,27043100,0.90241573
794,2021-05-04,678.9400019999999,683.450012,657.700012,673.599976,673.599976,29739300,0.43076386000000005
795,2021-05-05,681.0599980000001,685.299988,667.340027,670.9400019999999,670.9400019999999,21901900,0.16152360999999998
796,2021-05-06,680.76001,681.02002,650.0,663.539978,663.539978,27784600,1.7514409100000001
797,2021-05-07,665.799988,690.0,660.219971,672.369995,672.369995,23469200,0.56691346
798,2021-05-10,664.900024,665.049988,627.6099849999999,629.039978,629.039978,31392400,0.61613905
799,2021-05-11,599.23999,627.099976,595.599976,617.200012,617.200012,46503900,0.9643094500000001
800,2021-05-12,602.48999,620.409973,586.77002,589.8900150000001,589.8900150000001,33823600,0.21049743999999998
801,2021-05-13,601.539978,606.460022,559.650024,571.6900019999999,571.6900019999999,44184900,1.12175721
802,2021-05-14,583.409973,592.869995,570.460022,589.73999,589.73999,33370900,0.2952034
803,2021-05-17,575.549988,589.72998,561.200012,576.830017,576.830017,32390400,0.37503376000000005
804,2021-05-18,568.0,596.25,563.380005,577.869995,577.869995,36830600,0.48130073
805,2021-05-19,552.549988,566.210022,546.97998,563.460022,563.460022,39578400,1.8893337300000002
806,2021-05-20,575.0,588.849976,571.070007,586.780029,586.780029,30821100,3.67495412
807,2021-05-21,596.1099849999999,596.679993,580.0,580.880005,580.880005,26030600,1.9105057500000002
808,2021-05-24,581.599976,614.47998,573.650024,606.4400019999999,606.4400019999999,34558100,1.91960306
809,2021-05-25,607.3099980000001,613.98999,595.710022,604.6900019999999,604.6900019999999,28005900,0.65740877
810,2021-05-26,607.5599980000001,626.169983,601.5,619.130005,619.130005,28639300,0.7843689599999999
811,2021-05-27,620.23999,631.130005,616.210022,630.849976,630.849976,26370600,0.55839332
812,2021-05-28,628.5,635.590027,622.380005,625.219971,625.219971,22737000,0.31857545
813,2021-06-01,627.799988,633.799988,620.549988,623.900024,623.900024,18084900,0.21169201
814,2021-06-02,620.130005,623.3599849999999,599.1400150000001,605.119995,605.119995,23302800,1.45824825
815,2021-06-03,601.799988,604.549988,571.219971,572.840027,572.840027,30111900,0.0
816,2021-06-04,579.710022,600.6099849999999,577.200012,599.049988,599.049988,24036900,1.28449863
817,2021-06-07,591.830017,610.0,582.880005,605.130005,605.130005,22543700,1.2252292200000001
818,2021-06-09,602.169983,611.789978,597.630005,598.780029,598.780029,16584600,1.77137842
819,2021-06-10,603.880005,616.590027,600.5,610.119995,610.119995,23919600,0.6535206499999999
820,2021-06-11,610.22998,612.5599980000001,601.52002,609.8900150000001,609.8900150000001,16205300,1.79562593
821,2021-06-14,612.22998,625.48999,609.179993,617.6900019999999,617.6900019999999,20424000,1.3870605900000001
822,2021-06-15,616.6900019999999,616.789978,598.22998,599.3599849999999,599.3599849999999,17764100,1.3022271900000002
823,2021-06-16,597.539978,608.5,593.5,604.869995,604.869995,22144100,2.1386357
824,2021-06-17,601.8900150000001,621.469971,601.340027,616.599976,616.599976,22701400,2.4873783299999994
825,2021-06-18,613.369995,628.349976,611.799988,623.3099980000001,623.3099980000001,24560900,0.23393704999999998
826,2021-06-21,624.47998,631.3900150000001,608.880005,620.830017,620.830017,24812700,0.0
827,2021-06-22,618.25,628.570007,615.5,623.710022,623.710022,19158900,0.3661705
828,2021-06-23,632.0,657.200012,630.039978,656.570007,656.570007,31099200,0.0
829,2021-06-24,674.98999,697.619995,667.6099849999999,679.820007,679.820007,45982400,1.6120991900000001
830,2021-06-25,689.580017,693.8099980000001,668.700012,671.869995,671.869995,32496700,3.66478866
831,2021-06-28,671.6400150000001,694.700012,670.320007,688.719971,688.719971,21628200,1.9385078800000002
832,2021-06-29,684.650024,687.51001,675.8900150000001,680.76001,680.76001,17381300,1.37771778
833,2021-06-30,679.77002,692.8099980000001,678.1400150000001,679.700012,679.700012,18924900,1.2405996200000002
834,2021-07-01,683.919983,687.98999,672.799988,677.919983,677.919983,18634500,5.280137580000001
835,2021-07-02,678.97998,700.0,673.26001,678.900024,678.900024,27054500,4.09728139
836,2021-07-06,681.710022,684.0,651.400024,659.580017,659.580017,23284500,0.6447784400000001
837,2021-07-07,664.27002,665.700012,638.320007,644.650024,644.650024,18792000,1.3274382699999998
838,2021-07-08,628.369995,654.429993,620.460022,652.8099980000001,652.8099980000001,22773300,1.8335483600000002
839,2021-07-09,653.179993,658.909973,644.6900019999999,656.950012,656.950012,18140500,2.5873265800000005
840,2021-07-12,662.200012,687.23999,662.159973,685.700012,685.700012,25927000,0.9165065899999998
841,2021-07-13,686.320007,693.280029,666.299988,668.539978,668.539978,20966100,0.7522722000000001
842,2021-07-14,670.75,678.6099849999999,652.840027,653.380005,653.380005,21641200,2.02265723
843,2021-07-15,658.3900150000001,666.1400150000001,637.880005,650.599976,650.599976,20209600,4.63551578
844,2021-07-16,654.679993,656.700012,642.200012,644.219971,644.219971,16371000,0.68634997
845,2021-07-19,629.8900150000001,647.200012,621.289978,646.219971,646.219971,21297100,1.21514454
846,2021-07-20,651.98999,662.3900150000001,640.5,660.5,660.5,15487100,2.0566091900000005
847,2021-07-21,659.6099849999999,664.8599849999999,650.289978,655.289978,655.289978,13953300,1.4190942000000002
848,2021-07-22,656.4400019999999,662.169983,644.599976,649.26001,649.26001,15105700,0.33165833
849,2021-07-23,646.3599849999999,648.799988,637.299988,643.380005,643.380005,14604900,3.40650951
850,2021-07-26,650.969971,668.200012,647.1099849999999,657.619995,657.619995,25336600,1.19434654
851,2021-07-27,663.400024,666.5,627.23999,644.780029,644.780029,32813300,3.02045836
852,2021-07-28,647.0,654.969971,639.400024,646.97998,646.97998,16006600,0.9563284099999999
853,2021-07-29,649.789978,683.6900019999999,648.799988,677.349976,677.349976,30394600,4.638240150000001
854,2021-07-30,671.76001,697.530029,669.0,687.200012,687.200012,29600500,2.6934355500000007
855,2021-08-02,700.0,726.9400019999999,698.400024,709.669983,709.669983,33615800,0.5388897200000001
856,2021-08-03,719.0,722.650024,701.01001,709.73999,709.73999,21620300,2.24736095
857,2021-08-04,711.0,724.900024,708.929993,710.919983,710.919983,17002600,1.2350483700000001
858,2021-08-05,716.0,720.950012,711.409973,714.630005,714.630005,12919600,1.8614257500000004
859,2021-08-06,711.900024,716.330017,697.630005,699.099976,699.099976,15576200,4.30263543
860,2021-08-09,710.169983,719.030029,705.130005,713.76001,713.76001,14715300,0.005959840000000001
861,2021-08-10,713.98999,716.590027,701.880005,709.98999,709.98999,13432300,0.26920773
862,2021-08-11,712.710022,715.179993,704.210022,707.820007,707.820007,9800600,0.48658486
863,2021-08-12,706.340027,722.799988,699.400024,722.25,722.25,17459100,0.8408493100000001
864,2021-08-13,723.710022,729.900024,714.340027,717.169983,717.169983,16698900,2.0769322900000002
865,2021-08-16,705.070007,709.5,676.400024,686.169983,686.169983,22677400,0.39050001
866,2021-08-17,672.659973,674.580017,648.840027,665.710022,665.710022,23721300,0.26071236000000003
867,2021-08-18,669.75,695.77002,669.349976,688.98999,688.98999,20349400,1.5587967
868,2021-08-19,678.210022,686.549988,667.590027,673.469971,673.469971,14313500,0.0
869,2021-08-20,682.849976,692.130005,673.700012,680.26001,680.26001,14781800,0.24913960999999996
870,2021-08-23,685.4400019999999,712.130005,680.75,706.299988,706.299988,20264900,0.5407769
871,2021-08-24,710.679993,715.219971,702.6400150000001,708.48999,708.48999,13083100,0.27615025
872,2021-08-25,707.030029,716.969971,704.0,711.200012,711.200012,12645600,0.17766225
873,2021-08-26,708.3099980000001,715.400024,697.619995,701.159973,701.159973,13214300,0.3458658
874,2021-08-27,705.0,715.0,702.099976,711.919983,711.919983,13762100,1.2726499
875,2021-08-30,714.719971,731.0,712.72998,730.909973,730.909973,18604200,2.0878089
876,2021-08-31,733.0,740.3900150000001,726.4400019999999,735.719971,735.719971,20855400,1.59715931
877,2021-09-01,734.080017,741.98999,731.27002,734.090027,734.090027,13204300,1.68651508
878,2021-09-02,734.5,740.969971,730.539978,732.3900150000001,732.3900150000001,12777300,4.636021369999999
879,2021-09-03,732.25,734.0,724.200012,733.570007,733.570007,15246100,0.9220393199999999
880,2021-09-07,740.0,760.200012,739.26001,752.919983,752.919983,20039800,1.3045563800000002
881,2021-09-08,761.580017,764.450012,740.77002,753.869995,753.869995,18793000,0.11437924000000001
882,2021-09-09,753.409973,762.099976,751.630005,754.8599849999999,754.8599849999999,14077700,1.31195665
883,2021-09-10,759.599976,762.6099849999999,734.52002,736.27002,736.27002,15114300,0.7771740799999999
884,2021-09-13,740.210022,744.780029,708.849976,743.0,743.0,22952500,1.31274734
885,2021-09-14,742.570007,754.469971,736.400024,744.48999,744.48999,18524900,0.08431385000000001
886,2021-09-15,745.0,756.8599849999999,738.3599849999999,755.830017,755.830017,15357700,0.19395216
887,2021-09-16,752.830017,758.909973,747.6099849999999,756.98999,756.98999,13923400,2.2568175800000003
888,2021-09-17,757.150024,761.039978,750.0,759.48999,759.48999,28204200,2.9687250499999998
889,2021-09-20,734.5599980000001,742.0,718.619995,730.169983,730.169983,24757700,1.8254796399999997
890,2021-09-21,734.789978,744.73999,730.4400019999999,739.380005,739.380005,16330700,2.9461933800000004
891,2021-09-22,743.530029,753.669983,739.119995,751.9400019999999,751.9400019999999,15126300,2.7063923
892,2021-09-23,755.0,758.200012,747.919983,753.6400150000001,753.6400150000001,11947500,0.0
893,2021-09-24,745.8900150000001,774.799988,744.5599980000001,774.3900150000001,774.3900150000001,21373000,0.010547289999999999
894,2021-09-27,773.119995,799.0,769.3099980000001,791.3599849999999,791.3599849999999,28070700,0.0
895,2021-09-28,787.200012,795.6400150000001,766.179993,777.5599980000001,777.5599980000001,25381400,1.3876007700000001
896,2021-09-29,779.799988,793.5,770.679993,781.3099980000001,781.3099980000001,20942900,0.8969598900000001
897,2021-09-30,781.0,789.130005,775.0,775.47998,775.47998,17956000,0.8706243600000001
898,2021-10-01,778.400024,780.780029,763.590027,775.219971,775.219971,17031400,0.16152360999999998
899,2021-10-04,796.5,806.969971,776.119995,781.530029,781.530029,30483300,0.00266256
900,2021-10-05,784.799988,797.3099980000001,774.200012,780.590027,780.590027,18432600,0.0
901,2021-10-07,785.460022,805.0,783.380005,793.6099849999999,793.6099849999999,19195800,4.38435841
902,2021-10-08,796.210022,796.380005,780.909973,785.48999,785.48999,16711100,1.4386875199999998
903,2021-10-11,787.650024,801.23999,785.5,791.9400019999999,791.9400019999999,14200300,1.83762142
904,2021-10-12,800.929993,812.320007,796.570007,805.719971,805.719971,22020000,1.53357876
905,2021-10-13,810.469971,815.409973,805.780029,811.080017,811.080017,14120100,0.0
906,2021-10-14,815.48999,820.25,813.349976,818.320007,818.320007,12247200,3.9195825500000003
907,2021-10-15,823.73999,843.2100220000001,822.349976,843.0300289999999,843.0300289999999,18818000,0.8541685
908,2021-10-18,851.7899779999999,875.26001,851.4699710000001,870.1099849999999,870.1099849999999,24207200,0.8371561600000001
909,2021-10-19,877.5300289999999,877.9500119999999,862.51001,864.2700199999999,864.2700199999999,17381100,1.2556377900000002
910,2021-10-20,865.349976,869.48999,857.3800050000001,865.7999880000001,865.7999880000001,14032100,1.4343260400000002
911,2021-10-21,856.0,900.0,855.5,894.0,894.0,31481500,0.5159368499999999
912,2021-10-22,895.5,910.0,890.9600220000001,909.679993,909.679993,22880800,2.8196665000000003
913,2021-10-25,950.5300289999999,1045.02002,944.2000119999999,1024.859985,1024.859985,62852100,1.89624243
914,2021-10-26,1024.689941,1094.939941,1001.4400019999999,1018.429993,1018.429993,62415000,2.6291771099999997
915,2021-10-27,1039.660034,1070.880005,1030.780029,1037.859985,1037.859985,38526500,2.55123661
916,2021-10-28,1068.310059,1081.0,1054.199951,1077.040039,1077.040039,27213200,1.63260798
917,2021-10-29,1081.859985,1115.209961,1073.209961,1114.0,1114.0,29918400,2.1746391000000003
918,2021-11-01,1145.0,1209.75,1118.660034,1208.589966,1208.589966,56048700,2.9825527
919,2021-11-02,1159.359985,1208.589966,1146.0,1172.0,1172.0,42737800,1.08938141
920,2021-11-03,1177.329956,1215.390015,1152.619995,1213.859985,1213.859985,34628500,0.49042009000000003
921,2021-11-04,1234.410034,1243.48999,1217.0,1229.910034,1229.910034,25397400,0.7165509999999999
922,2021-11-05,1228.0,1239.869995,1208.0,1222.089966,1222.089966,21579900,0.0
923,2021-11-08,1149.790039,1197.0,1133.0,1162.939941,1162.939941,33445700,1.13435373
924,2021-11-09,1173.599976,1174.5,1011.5200199999999,1023.5,1023.5,59105800,0.23208149
925,2021-11-10,1010.409973,1078.099976,987.3099980000001,1067.949951,1067.949951,42802700,1.39434879
926,2021-11-11,1102.77002,1104.969971,1054.680054,1063.51001,1063.51001,22396600,0.698896
927,2021-11-12,1047.5,1054.5,1019.2000119999999,1033.420044,1033.420044,25182300,0.24188758999999999
928,2021-11-15,1017.6300050000001,1031.97998,978.599976,1013.3900150000001,1013.3900150000001,34775600,1.7245948300000002
929,2021-11-16,1003.3099980000001,1057.199951,1002.179993,1054.72998,1054.72998,26542400,0.42186069000000004
930,2021-11-17,1063.51001,1119.640015,1055.5,1089.01001,1089.01001,31445400,1.76185181
931,2021-11-18,1106.550049,1112.0,1075.02002,1096.380005,1096.380005,20898900,1.6848920700000003
932,2021-11-19,1098.869995,1138.719971,1092.699951,1137.060059,1137.060059,21642300,2.26045183
933,2021-11-22,1162.329956,1201.949951,1132.430054,1156.869995,1156.869995,33072500,2.0650722900000003
934,2021-11-23,1167.51001,1180.5,1062.699951,1109.030029,1109.030029,36171700,2.16820032
935,2021-11-24,1080.390015,1132.77002,1062.0,1116.0,1116.0,22560200,1.2650778900000001
936,2021-11-26,1099.469971,1108.780029,1081.0,1081.920044,1081.920044,11680900,0.41703378
937,2021-11-29,1100.98999,1142.670044,1100.189941,1136.98999,1136.98999,19464500,1.9872286700000001
938,2021-11-30,1144.369995,1168.0,1118.0,1144.76001,1144.76001,27092000,2.01133814
939,2021-12-01,1160.699951,1172.839966,1090.76001,1095.0,1095.0,22816800,1.5399782600000003
940,2021-12-02,1099.060059,1113.0,1056.650024,1084.599976,1084.599976,24371600,0.46235208999999994
941,2021-12-03,1084.790039,1090.579956,1000.2100220000001,1014.9699710000001,1014.9699710000001,30696300,3.5240623199999996
